Actual_Sales,Predicted_Sales
38.0,70.4
40.0,65.88
43.0,46.41
19.0,35.42
51.0,40.21
23.0,27.9
48.0,30.84
14.0,19.79
4.0,9.33
30.0,21.7
41.0,33.94
138.0,97.37
54.0,81.87
677.0,730.52
846.0,588.86
157.0,316.7
160.0,367.07
302.0,338.75
332.0,478.22
203.0,241.09
152.0,121.78
35.0,74.22
99.0,62.46
107.0,182.4
13.0,15.96
29.0,27.27
19.0,29.85
14.0,14.98
15.0,14.84
9.0,9.29
14.0,13.16
6.0,4.47
4.0,17.13
49.0,16.49
8.0,10.27
15.0,6.28
117.0,29.73
173.0,128.46
14.0,69.24
54.0,69.18
36.0,15.33
31.0,55.78
25.0,31.68
308.0,282.61
547.0,509.02
396.0,319.73
117.0,124.48
382.0,429.07
311.0,281.54
474.0,475.91
455.0,153.82
141.0,109.03
59.0,95.63
84.0,135.1
55.0,78.14
139.0,203.0
56.0,63.89
30.0,31.13
92.0,93.64
17.0,63.23
55.0,35.7
29.0,42.13
58.0,79.02
50.0,81.77
52.0,27.8
59.0,76.76
62.0,76.61
32.0,22.12
16.0,18.66
16.0,24.34
10.0,21.27
12.0,19.13
78.0,55.22
3.0,3.21
25.0,15.5
5.0,10.04
3.0,4.86
4.0,4.1
73.0,108.78
39.0,33.18
216.0,155.04
289.0,440.16
88.0,147.79
2097.0,1629.5
696.0,641.21
913.0,1057.94
1256.0,757.89
249.0,421.33
635.0,765.23
106.0,110.52
486.0,342.25
401.0,403.85
260.0,342.96
524.0,612.06
130.0,197.04
402.0,498.07
67.0,181.79
69.0,112.9
131.0,151.84
157.0,214.79
309.0,255.79
251.0,158.59
217.0,270.07
185.0,259.63
372.0,113.54
20.0,51.02
9.0,10.45
8.0,14.263333333333335
19.0,34.41
39.0,36.38
30.0,59.74
29.0,56.68
46.0,70.51
328.0,504.63
169.0,175.12
169.0,260.81
183.0,292.29
116.0,142.03
515.0,860.66
1003.0,840.75
2022.0,2400.6
151.0,167.44
276.0,245.9
259.0,89.12
46.0,83.77
51.0,68.71
71.0,87.61
97.0,74.95
32.0,40.06
30.0,30.03
18.0,35.38
24.0,23.79
45.0,38.64
21.0,21.31
235.0,167.37
17.0,22.72
29.0,35.76
7.0,20.17
5.0,3.94
33.0,31.79
169.0,170.76
57.0,59.7
156.0,167.14
1829.0,1554.52
920.0,645.12
774.0,819.83
512.0,810.13
536.0,740.4
234.0,506.24
354.0,316.38
357.0,404.92
737.0,514.68
314.0,474.59
821.0,486.4
149.0,305.99
725.0,442.17
246.0,200.24
148.0,185.26
419.0,282.75
287.0,183.93
77.0,168.39
24.0,35.04
6.0,9.2
16.0,40.1
19.0,28.02
21.0,22.0
116.0,182.71
170.0,195.81
196.0,177.52
1789.0,1518.08
3811.0,1692.15
34.0,126.49
67.0,129.4
121.0,92.02
93.0,88.53
31.0,82.95
61.0,117.25
164.0,132.61
58.0,84.51
47.0,22.51
50.0,32.41
19.0,18.57
8.0,12.58
17.0,19.56
22.0,25.46
3.0,2.99
110.0,114.31
38.0,58.33
61.0,113.86
5.0,7.11
95.0,88.7
102.0,102.85
3060.0,2722.51
3393.0,3157.43
699.0,806.03
1056.0,915.61
227.0,374.94
388.0,881.22
495.0,726.18
770.0,513.68
407.0,408.97
154.0,330.67
324.0,281.41
99.0,160.38
203.0,260.38
306.0,175.43
341.0,600.59
318.0,217.87
27.0,19.56
25.0,39.89
59.0,45.7
48.0,68.62
146.0,99.16
73.0,90.92
22.0,25.51
30.0,46.25
37.0,28.45
40.0,24.35
63.0,58.52
16.0,74.9
16.0,19.16
71.0,26.06
18.0,14.72
4.0,6.25
182.0,127.75
49.0,42.74
27.0,25.05
137.0,182.36
18.0,26.53
94.0,86.53
161.0,86.51
893.0,762.15
1021.0,750.99
294.0,356.75
1843.0,725.62
1033.0,509.92
632.0,563.94
180.0,241.88
225.0,213.95
164.0,265.01
111.0,227.39
124.0,199.66
204.0,1223.85
174.0,292.99
64.0,103.59
337.0,263.87
432.0,391.23
83.0,184.03
529.0,548.15
37.0,73.07
74.0,75.11
25.0,37.22
31.0,25.17
7.0,8.08
17.0,20.02
11.0,10.32
22.0,32.9
76.0,77.27
22.0,31.76
118.0,133.43
27.0,43.68
86.0,105.21
148.0,103.17
91.0,171.46
194.0,108.75
503.0,367.65
257.0,282.96
277.0,326.46
98.0,411.97
274.0,546.7
1622.0,1201.93
222.0,121.13
7.0,8.45
97.0,77.13
14.0,22.61
58.0,88.2
67.0,99.44
14.0,17.69
349.0,273.93
169.0,252.28
1291.0,1420.61
2244.0,1590.07
118.0,161.46
34.0,36.68
41.0,20.76
40.0,41.4
24.0,25.54
78.0,53.43
45.0,30.56
11.0,16.17
24.0,20.37
7.0,7.04
20.0,13.78
12.0,20.28
11.0,12.13
10.0,8.06
21.0,6.95
62.0,114.14
11.0,23.29
105.0,31.28
87.0,78.0
17.0,29.07
744.0,1218.77
1301.0,1098.2
324.0,662.65
761.0,662.77
271.0,521.03
366.0,307.98
294.0,509.47
64.0,89.96
392.0,244.23
96.0,97.03
27.0,42.09
49.0,89.73
38.0,51.65
48.0,56.64
34.0,41.12
210.0,77.78
39.0,91.53
181.0,118.79
29.0,44.29
33.0,73.14
59.0,63.67
58.0,47.25
26.0,30.31
54.0,25.27
19.0,26.42
33.0,34.14
13.0,20.9
18.0,36.55
32.0,43.29
68.0,160.34
32.0,21.96
8.0,6.9
72.0,97.05
87.0,108.3
93.0,121.01
131.0,220.98
59.0,62.25
4141.0,6067.03
2847.0,2015.55
4164.0,1689.6
596.0,882.84
538.0,766.93
429.0,477.04
331.0,450.69
359.0,293.57
318.0,489.65
580.0,339.82
213.0,325.34
158.0,127.55
97.0,100.16
364.0,334.3
372.0,285.01
215.0,255.0
106.0,170.94
80.0,89.43
28.0,26.4
36.0,53.61
52.0,101.12
54.0,54.32
68.0,191.99
67.0,102.71
19.0,39.85
33.0,44.92
22.0,13.91
3.0,19.26
19.0,42.63
14.0,15.63
12.0,68.16
34.0,19.6
8.0,162.76
6.0,10.63
11.0,8.64
3.0,2.8
169.0,436.02
25.0,26.11
60.0,74.01
18.0,19.16
106.0,95.05
74.0,65.78
878.0,1455.74
284.0,512.48
305.0,677.18
169.0,345.68
225.0,285.0
336.0,339.59
179.0,462.3
226.0,371.95
344.0,156.54
335.0,804.35
119.0,178.38
312.0,254.62
234.0,175.55
204.0,168.6
81.0,206.71
143.0,166.47
160.0,172.33
112.0,180.01
260.0,364.47
155.0,130.81
21.0,35.92
40.0,46.55
145.0,76.61
32.0,37.54
107.0,148.8
50.0,76.05
34.0,76.51
51.0,47.54
21.0,34.52
12.0,14.84
8.0,11.2
14.0,16.92
20.0,23.52
4.0,7.27
22.0,15.98
11.0,17.44
13.0,15.76
5.0,13.52
94.0,73.19
33.0,11.86
18.0,40.19
64.0,75.4
54.0,34.31
37.0,48.17
48.0,64.02
1924.0,1533.61
1377.0,1460.71
1040.0,1248.84
674.0,823.52
778.0,662.55
169.0,328.37
140.0,237.38
1057.0,616.3
372.0,403.37
462.0,534.47
197.0,241.41
363.0,358.65
93.0,60.96
146.0,95.02
142.0,403.85
102.0,61.92
145.0,173.11
785.0,359.92
63.0,356.67
285.0,389.09
68.0,166.24
123.0,97.48
87.0,70.59
44.0,74.35
84.0,65.24
56.0,61.96
79.0,50.29
22.0,32.3
24.0,34.1
17.0,17.1
40.0,39.25
10.0,13.61
24.0,31.82
77.0,68.59
10.0,19.78
128.0,178.5
400.0,542.63
28.0,153.63
5444.0,3373.83
87.0,110.46
714.0,654.93
1008.0,1019.41
637.0,924.98
686.0,719.44
1771.0,1528.06
884.0,580.34
303.0,348.4
231.0,290.46
219.0,260.27
418.0,397.75
762.0,652.73
117.0,104.91
15.0,42.45
25.0,27.78
15.0,20.14
30.0,41.47
30.0,28.67
45.0,32.21
46.0,64.65
42.0,83.34
45.0,33.34
74.0,110.11
266.0,147.47
230.0,363.28
412.0,455.09
265.0,248.31
841.0,804.01
2117.0,4104.01
5049.0,5901.94
30.0,34.94
194.0,224.15
43.0,50.6
52.0,38.58
17.0,34.77
27.0,37.0
54.0,36.26
32.0,25.7
11.0,14.14
22.0,23.33
162.0,79.63
12.0,21.71
8.0,13.51
13.0,16.69
20.0,9.98
7.0,9.3
64.0,107.01
6.0,9.21
4.0,4.43
11.0,7.73
2.0,6.73
9.0,11.63
17.0,26.1825
80.0,140.51
135.0,78.94
63.0,149.26
1855.0,1642.51
74.0,63.01
568.0,501.01
1786.0,1285.04
543.0,918.03
565.0,879.27
354.0,863.59
256.0,459.41
465.0,638.43
643.0,461.3
887.0,928.12
253.0,362.62
193.0,288.0
55.0,57.14
139.0,183.27
151.0,282.95
145.0,178.65
239.0,471.97
597.0,269.14
553.0,442.51
430.0,210.29
97.0,77.95
29.0,30.91
25.0,43.97
44.0,58.95
34.0,55.32
101.0,108.6
39.0,35.04
33.0,36.71
147.0,48.27
12.0,22.67
17.0,21.1
24.0,24.91
22.0,22.63
4.0,7.3
8.0,7.82
21.0,15.62
60.0,55.78
14.0,17.44
62.0,51.58
355.0,239.6
206.0,117.01
192.0,225.71
868.0,1312.84
1745.0,900.98
1137.0,668.78
338.0,361.6
360.0,541.65
109.0,142.3
557.0,215.44
586.0,716.29
208.0,163.68
198.0,153.48
139.0,150.69
144.0,170.0
161.0,219.02
121.0,149.71
162.0,246.68
383.0,225.96
65.0,52.55
57.0,62.43
87.0,52.91
81.0,61.11
28.0,56.96
49.0,68.82
31.0,37.29
90.0,76.44
75.0,146.59
172.0,141.47
27.0,43.87
165.0,146.19
67.0,88.17
36.0,52.13
27.0,25.4
351.0,160.54
19.0,34.9
37.0,38.87
38.0,39.43
26.0,23.73
27.0,25.36
15.0,28.96
12.0,20.64
14.0,25.95
10.0,7.87
107.0,32.4
8.0,10.56
100.0,116.16
39.0,37.25
116.0,155.69
1428.0,493.53
157.0,191.88
85.0,181.48
370.0,501.27
875.0,559.29
185.0,394.22
451.0,627.71
467.0,353.52
1227.0,604.25
264.0,354.59
243.0,445.61
613.0,829.46
269.0,388.77
582.0,550.12
184.0,280.77
265.0,300.96
620.0,388.76
348.0,177.25
63.0,87.6
127.0,180.56
180.0,234.41
378.0,200.69
206.0,282.26
146.0,144.03
259.0,274.9
180.0,346.31
409.0,288.77
113.0,281.15
190.0,154.98
86.0,84.75
66.0,78.72
9.0,20.82
8.0,11.5
15.0,15.43
12.0,22.38
21.0,27.8
33.0,27.96
51.0,34.37
29.0,39.96
254.0,144.72
132.0,208.35
80.0,101.39
94.0,165.1
227.0,329.23
518.0,376.12
191.0,423.82
1126.0,649.37
3000.0,1371.64
643.0,731.78
204.0,225.08
13.0,15.91
17.0,24.53
86.0,226.31
45.0,27.95
41.0,61.93
44.0,40.76
48.0,21.35
26.0,31.02
5.0,14.07
27.0,22.89
22.0,24.95
13.0,24.59
11.0,12.26
6.0,7.3
8.0,11.81
6.0,7.1
53.0,45.97
20.0,29.21
55.0,98.03
57.0,103.52
83.0,76.88
346.0,1034.01
1700.0,1078.3
970.0,1006.2
1227.0,1235.53
928.0,955.15
643.0,302.21
636.0,368.13
296.0,584.58
222.0,401.84
364.0,426.88
211.0,270.29
232.0,280.25
232.0,239.6
43.0,137.93
181.0,148.63
96.0,143.42
90.0,164.45
95.0,142.93
128.0,326.28
110.0,258.28
88.0,79.74
46.0,37.36
29.0,36.83
6.0,24.38
9.0,10.83
8.0,10.36
77.0,120.84
26.0,38.07
110.0,99.04
786.0,575.16
771.0,358.06
185.0,311.82
277.0,231.46
355.0,267.47
475.0,538.65
145.0,163.06
534.0,728.64
576.0,835.26
2486.0,2469.24
14.0,10.22
21.0,21.44
19.0,28.44
104.0,66.85
75.0,100.31
119.0,153.67
132.0,157.09
582.0,341.27
362.0,345.93
332.0,464.71
313.0,213.3
18.0,43.5
7.0,20.0
39.0,42.8
4.0,6.72
12.0,56.13
15.0,19.87
34.0,26.27
15.0,92.0
78.0,30.0
28.0,24.19
37.0,44.54
35.0,37.4
40.0,45.69
2940.0,6114.96
381.0,410.79
235.0,283.4
220.0,187.11
428.0,597.24
72.0,59.93
84.0,101.28
110.0,109.74
63.0,84.05
333.0,254.35
13.0,20.04
72.0,78.21
61.0,123.06
52.0,62.82
76.0,45.86
12.0,27.16
45.0,32.64
32.0,61.8
14.0,17.44
17.0,17.31
122.0,25.84
4.0,8.92
9.0,9.8
17.0,15.64
65.0,160.99
32.0,26.27
5.0,3.52
4.0,3.8
14.0,14.16
35.0,26.62
255.0,141.01
241.0,264.73
49.0,147.07
138.0,209.51
2171.0,2783.63
977.0,1679.47
759.0,1717.18
301.0,514.5
507.0,938.27
337.0,509.6
354.0,470.19
218.0,274.5
336.0,867.25
68.0,68.57
108.0,197.15
181.0,306.24
101.0,104.01
242.0,493.71
92.0,264.31
107.0,147.52
67.0,138.55
248.0,210.31
15.0,34.93
17.0,32.34
50.0,37.14
18.0,22.1
92.0,133.66
38.0,75.97
53.0,86.98
32.0,36.05
19.0,46.5
14.0,11.01
16.0,14.87
16.0,29.11
17.0,7.78
11.0,16.74
6.0,7.41
7.0,10.14
25.0,14.65
8.0,6.16
9.0,9.06
21.0,43.09
27.0,39.28
62.0,115.61
450.0,528.89
36.0,106.93
1864.0,2087.11
1028.0,2650.02
1611.0,1462.1
853.0,650.41
415.0,619.36
240.0,352.74
465.0,473.16
381.0,350.43
196.0,218.36
581.0,1065.76
442.0,462.74
266.0,361.18
82.0,97.98
216.0,224.9
212.0,257.46
36.0,87.2
330.0,272.25
280.0,185.22
829.0,532.18
74.0,138.2
23.0,28.28
89.0,58.69
40.0,40.51
15.0,42.01
25.0,58.13
13.0,39.26
21.0,31.91
8.0,16.255
13.0,15.63
5.0,13.8
38.0,14.18
5.0,7.94
9.0,16.76
28.0,49.07
13.0,19.84
12.0,5.15
80.0,84.87
159.0,102.73
109.0,115.44
2301.0,2779.98
1273.0,1354.51
323.0,523.62
363.0,477.61
520.0,338.92
495.0,387.04
645.0,1191.5
124.0,274.8
170.0,241.19
95.0,162.33
74.0,146.96
120.0,162.59
175.0,465.2
211.0,101.49
32.0,44.6
21.0,26.34
28.0,31.68
32.0,61.8
76.0,62.12
35.0,81.78
48.0,47.69
18.0,24.14
40.0,55.49
43.0,55.87
8.0,7.08
26.0,40.03
22.0,20.56
13.0,45.74
9.0,11.26
23.0,28.12
16.0,18.92
7.0,7.97
2.0,2.18
69.0,115.71
9.0,27.33
90.0,70.69
207.0,246.31
129.0,49.62
2103.0,2503.65
791.0,1053.98
2003.0,2089.97
605.0,1338.58
490.0,566.0
316.0,603.14
655.0,425.75
419.0,422.18
258.0,224.48
218.0,263.63
2566.0,3507.06
47.0,105.29
64.0,107.85
59.0,138.15
121.0,172.63
244.0,110.2
97.0,89.59
136.0,127.66
71.0,235.0
84.0,119.42
90.0,92.09
96.0,47.54
29.0,36.47
53.0,55.39
22.0,31.0
97.0,148.01
485.0,425.28
85.0,96.12
89.0,65.38
32.0,44.56
35.0,37.87
86.0,73.89
29.0,83.2
60.0,83.67
250.0,63.04
47.0,48.29
22.0,28.28
21.0,70.01
31.0,10.92
139.0,149.2
30.0,38.64
50.0,65.63
429.0,386.83
23.0,46.0
157.0,167.87
332.0,657.12
208.0,440.82
475.0,367.47
529.0,685.19
248.0,267.98
306.0,499.41
211.0,218.03
78.0,110.79
240.0,190.64
290.0,255.58
54.0,58.2
22.0,36.14
31.0,32.55
36.0,56.77
38.0,48.13
41.0,81.1
44.0,62.11
4.0,2.89
6.0,3.53
89.0,165.7
5.0,6.55
10.0,10.82
5.0,5.12
42.0,58.95
54.0,40.69
115.0,91.67
50.0,53.31
66.0,63.53
100.0,63.34
2982.0,1377.25
956.0,744.31
419.0,302.51
583.0,425.51
273.0,648.97
299.0,316.21
714.0,1019.53
170.0,265.89
190.0,184.06
233.0,164.9
100.0,121.48
174.0,152.68
54.0,52.82
286.0,339.75
93.0,96.87
43.0,66.27
87.0,54.93
78.0,69.96
11.0,15.04
22.0,29.06
33.0,56.49
14.0,13.01
108.0,142.33
54.0,59.07
1716.0,564.78
102.0,90.15
379.0,386.77
51.0,136.01
67.0,206.59
244.0,797.92
283.0,363.89
354.0,526.39
571.0,426.98
170.0,171.94
380.0,441.54
1419.0,1221.21
42.0,145.46
43.0,52.2
48.0,70.58
50.0,85.4
50.0,61.28
162.0,78.5
11.0,15.79
6.0,7.14
17.0,18.78
17.0,13.75
113.0,32.48
14.0,28.97
7.0,14.77
7.0,6.64
104.0,94.68
330.0,287.75
146.0,141.54
81.0,166.66
1641.0,1210.38
577.0,600.5
346.0,305.24
371.0,441.13
1867.0,1075.51
256.0,337.68
207.0,152.19
164.0,190.07
244.0,115.86
78.0,119.38
130.0,308.05
47.0,33.21
35.0,35.23
47.0,51.04
46.0,54.44
227.0,208.8
229.0,114.54
46.0,53.99
67.0,63.35
61.0,46.06
38.0,65.66
33.0,45.62
10.0,12.12
23.0,15.18
18.0,11.55
30.0,33.82
14.0,12.32
20.0,15.69
8.0,9.6
6.0,11.12
32.0,14.97
2.0,4.23
4.0,5.75
85.0,51.42
21.0,21.97
87.0,102.06
7.0,6.89
51.0,124.59
2830.0,1875.07
542.0,652.21
67.0,59.29
389.0,1015.55
799.0,966.93
706.0,517.47
616.0,820.86
183.0,1247.23
307.0,483.92
414.0,434.33
175.0,297.04
429.0,253.44
360.0,284.3
241.0,270.09
82.0,113.99
275.0,243.32
312.0,348.5
122.0,238.0
47.0,172.13
111.0,183.67
205.0,165.02
79.0,189.37
89.0,88.29
340.0,360.28
31.0,53.86
282.0,208.24
757.0,716.34
1137.0,917.25
124.0,227.91
128.0,178.28
74.0,86.22
103.0,127.36
45.0,54.71
83.0,68.47
61.0,56.22
140.0,65.93
50.0,46.2
99.0,42.28
58.0,55.21
48.0,58.18
23.0,30.9
23.0,22.9
15.0,22.81
45.0,28.31
8.0,12.4
13.0,12.36
16.0,8.9
6.0,9.58
21.0,16.77
4.0,12.46
27.0,20.85
128.0,83.71
482.0,540.8
88.0,112.37
1584.0,1817.48
602.0,834.76
477.0,627.11
355.0,573.93
1128.0,398.23
363.0,259.52
144.0,178.3
320.0,262.17
451.0,342.76
3425.0,3070.47
161.0,209.32
253.0,132.63
152.0,164.83
161.0,143.27
174.0,325.33
124.0,195.06
32.0,86.22
186.0,185.07
71.0,82.93
79.0,104.27
51.0,49.4
48.0,46.69
46.0,54.65
52.0,103.59
105.0,108.72
267.0,112.74
49.0,69.81
20.0,37.25
19.0,22.46
9.0,17.13
47.0,30.77
25.0,39.86
32.0,38.47
5.0,8.81
23.0,34.61
29.0,16.85
3.0,9.37
211.0,137.78
23.0,29.88
127.0,135.84
53.0,113.3
103.0,95.16
2758.0,3523.43
1028.0,1899.82
2478.0,2562.97
204.0,220.42
689.0,952.38
212.0,320.85
363.0,698.37
671.0,652.39
262.0,308.89
319.0,870.89
93.0,209.14
204.0,283.28
133.0,233.25
388.0,357.2
174.0,176.1
412.0,147.4
68.0,144.16
125.0,235.2
464.0,552.31
58.0,51.35
42.0,39.44
39.0,47.61
48.0,40.08
20.0,22.88
21.0,21.06
10.0,9.82
13.0,23.91
21.0,20.93
36.0,23.38
12.0,6.72
58.0,39.42
48.0,38.89
60.0,82.2
220.0,226.3
89.0,262.14
187.0,93.73
2075.0,1797.24
963.0,758.47
1565.0,1306.51
655.0,795.33
369.0,544.95
1823.0,1263.51
682.0,746.45
500.0,580.65
148.0,286.65
262.0,199.55
1187.0,807.88
41.0,43.62
151.0,92.27
53.0,79.53
119.0,77.18
50.0,65.02
22.0,103.31
12.0,24.59
27.0,26.21
27.0,28.77
22.0,21.05
15.0,27.73
13.0,20.53
56.0,69.0
334.0,163.43
9.0,10.3
36.0,33.99
110.0,124.6
124.0,207.48
195.0,220.28
105.0,56.49
1199.0,1617.32
1727.0,526.07
741.0,842.8
681.0,943.63
722.0,873.25
259.0,331.03
359.0,323.36
353.0,400.85
335.0,308.17
154.0,668.53
276.0,225.35
274.0,270.96
248.0,252.71
212.0,207.86
99.0,169.46
455.0,208.69
44.0,37.38
102.0,103.41
29.0,45.7
80.0,73.95
88.0,66.01
108.0,88.69
25.0,53.9
39.0,39.01
28.0,39.69
32.0,14.57
22.0,34.01
18.0,20.68
27.0,31.19
19.0,16.41
11.0,12.9
79.0,35.78
410.0,98.09
7.0,8.95
123.0,80.94
24.0,24.5
225.0,178.27
36.0,29.98
107.0,147.96
735.0,1355.29
679.0,870.05
1052.0,966.66
1280.0,883.07
1235.0,891.68
800.0,561.83
448.0,550.07
269.0,244.97
56.0,74.33
573.0,842.41
382.0,412.91
106.0,183.64
347.0,204.1
222.0,161.37
551.0,241.62
164.0,230.42
91.0,306.36
126.0,150.01
79.0,150.16
605.0,528.77
41.0,35.26
83.0,119.82
80.0,63.55
77.0,134.25
119.0,125.65
63.0,134.98
323.0,360.28
308.0,246.59
300.0,362.74
248.0,216.95
330.0,482.08
382.0,509.78
30.0,26.46
222.0,189.21
42.0,44.08
9.0,7.38
144.0,159.85
217.0,229.04
45.0,61.04
117.0,66.64
44.0,63.17
38.0,56.78
49.0,33.24
38.0,44.52
28.0,54.85
44.0,29.58
17.0,33.1
45.0,32.36
8.0,10.31
27.0,16.4175
17.0,18.32
15.0,19.27
14.0,12.19
18.0,10.81
25.0,11.61
11.0,11.35
6.0,13.14
5.0,5.07
8.0,7.77
4.0,2.53
7.0,7.8
50.0,93.6
38.0,79.43
47.0,37.87
32.0,55.39
1046.0,1102.51
1631.0,2123.73
1072.0,950.53
32.0,53.39
345.0,437.41
239.0,280.84
574.0,534.67
601.0,563.83
575.0,693.15
580.0,440.39
249.0,305.49
274.0,387.92
735.0,659.53
343.0,334.78
219.0,161.09
64.0,56.31
75.0,122.45
109.0,101.85
63.0,272.57
86.0,70.05
351.0,166.06
47.0,60.99
90.0,234.03
111.0,184.48
202.0,110.2
67.0,84.78
25.0,39.76
34.0,40.24
125.0,89.12
1324.0,583.52
27.0,43.71
52.0,54.93
34.0,60.53
29.0,92.78
101.0,82.07
61.0,68.57
28.0,36.42
12.0,24.32
115.0,65.71
12.0,17.095
7.0,10.93
58.0,87.6
49.0,44.25
281.0,80.21
6.0,7.04
53.0,92.13
175.0,89.57
899.0,1634.13
1539.0,630.96
952.0,633.62
495.0,344.11
508.0,370.24
481.0,600.56
456.0,380.12
250.0,220.29
161.0,257.79
30.0,77.62
128.0,169.18
156.0,148.01
102.0,95.72
89.0,142.27
438.0,133.3
137.0,105.77
75.0,120.81
166.0,155.18
223.0,300.74
55.0,84.02
153.0,68.54
39.0,43.53
39.0,34.11
29.0,38.31
9.0,11.33
10.0,17.88
20.0,17.48
19.0,17.65
92.0,210.68
4.0,7.98
61.0,53.4
110.0,160.41
138.0,160.6
193.0,300.74
1273.0,1091.9
337.0,1265.9
342.0,393.65
877.0,773.73
1072.0,375.14
342.0,550.83
168.0,239.35
103.0,97.63
154.0,240.9
95.0,122.43
568.0,201.47
447.0,400.89
45.0,65.6
13.0,11.43
11.0,21.78
16.0,17.26
50.0,68.59
8.0,6.22
63.0,92.71
27.0,41.23
50.0,93.7
85.0,157.41
219.0,95.42
213.0,126.5
1246.0,1702.75
1127.0,1646.79
2043.0,1360.62
724.0,956.03
142.0,192.53
301.0,284.78
314.0,319.49
131.0,216.6
82.0,242.49
70.0,140.55
69.0,104.95
48.0,122.42
44.0,79.34
67.0,82.27
83.0,76.15
51.0,74.92
32.0,71.03
34.0,49.95
22.0,40.57
60.0,37.99
31.0,30.27
11.0,42.99
13.0,26.63
9.0,12.06
7.0,20.16
40.0,48.04
315.0,295.3
29.0,32.59
735.0,392.51
1300.0,1800.41
806.0,948.24
216.0,294.46
573.0,709.52
114.0,100.03
387.0,686.77
334.0,497.0
427.0,357.57
133.0,112.44
364.0,345.14
412.0,233.16
246.0,295.39
168.0,246.64
124.0,76.51
63.0,120.56
138.0,149.18
61.0,120.52
384.0,657.6
120.0,94.51
55.0,56.51
34.0,76.23
26.0,20.66
15.0,26.39
11.0,15.46
48.0,29.08
23.0,34.19
50.0,58.04
95.0,99.36
123.0,215.37
76.0,137.87
154.0,196.37
140.0,170.32
552.0,558.89
886.0,379.59
277.0,217.28
14.0,13.92
34.0,54.9
113.0,176.2
148.0,308.91
446.0,476.48
18.0,66.03
49.0,70.21
76.0,76.96
26.0,51.75
17.0,38.63
37.0,49.77
51.0,53.28
30.0,36.89
30.0,15.45
33.0,29.62
21.0,22.47
24.0,36.0
28.0,39.15
8.0,21.96
84.0,109.22
14.0,13.16
14.0,20.04
13.0,16.29
99.0,87.24
10.0,22.27
163.0,214.8
72.0,287.62
1656.0,1893.53
471.0,955.15
897.0,980.89
997.0,1330.19
529.0,453.36
637.0,641.88
208.0,218.29
65.0,139.37
396.0,400.5
129.0,129.73
162.0,165.53
90.0,172.61
158.0,313.54
188.0,173.15
83.0,175.25
123.0,163.54
134.0,266.83
224.0,194.95
5.0,6.09
65.0,78.44
57.0,63.44
54.0,39.67
13.0,13.69
36.0,30.69
32.0,44.71
84.0,54.73
155.0,66.0
124.0,50.86
199.0,104.75
198.0,177.42
62.0,153.9
234.0,76.47
94.0,142.69
238.0,158.87
269.0,256.31
159.0,402.46
672.0,408.84
1320.0,1039.05
1652.0,1312.07
918.0,1114.12
101.0,147.27
54.0,56.82
54.0,136.6
47.0,58.8
48.0,51.35
124.0,113.51
59.0,70.8
27.0,24.08
2.0,3.49
38.0,53.08
103.0,78.64
51.0,35.0
232.0,311.56
145.0,187.23
147.0,134.38
190.0,190.02
298.0,297.4
191.0,227.53
318.0,324.75
197.0,149.34
332.0,435.04
1919.0,1153.02
82.0,111.33
57.0,74.26
92.0,88.4
53.0,52.55
28.0,32.625
23.0,23.07
11.0,15.59
17.0,22.83
15.0,16.58
37.0,33.48
259.0,173.3
30.0,25.91
5.0,8.76
13.0,17.27
95.0,130.97
30.0,35.65
246.0,123.68
224.0,128.83
1700.0,2755.43
890.0,662.12
892.0,723.32
585.0,1451.16
757.0,611.43
385.0,799.38
1198.0,932.31
338.0,438.03
455.0,597.96
568.0,405.35
450.0,310.88
357.0,353.31
154.0,306.14
52.0,41.9
42.0,47.39
32.0,47.13
34.0,44.59
81.0,54.56
48.0,54.17
59.0,72.4
62.0,74.35
122.0,74.85
32.0,27.85
63.0,97.51
27.0,28.93
17.0,19.31
26.0,18.72
20.0,19.77
44.0,31.42
17.0,26.6
18.0,18.105
16.0,27.35
26.0,28.91
16.0,17.68
42.0,14.98
7.0,9.68
5.0,8.86
71.0,66.32
45.0,54.16
77.0,85.1
522.0,443.84
110.0,137.18
545.0,912.44
1272.0,585.03
271.0,444.22
743.0,854.11
644.0,600.0
486.0,667.14
415.0,509.96
147.0,259.54
373.0,579.26
57.0,57.85
179.0,426.59
277.0,781.32
332.0,385.3
309.0,274.87
206.0,156.63
52.0,54.68
184.0,132.57
171.0,207.69
164.0,194.51
142.0,168.26
96.0,111.09
205.0,151.87
218.0,248.06
170.0,295.14
93.0,83.41
287.0,410.95
39.0,39.58
10.0,10.94
8.0,7.26
15.0,42.3
29.0,33.49
88.0,75.39
22.0,17.08
186.0,227.2
279.0,176.32
360.0,258.18
736.0,634.0
59.0,84.72
700.0,830.13
383.0,588.98
5.0,6.44
44.0,20.41
11.0,22.35
27.0,24.38
19.0,20.01
24.0,22.06
17.0,34.32
54.0,56.45
61.0,83.84
197.0,166.2
115.0,128.94
39.0,82.09
60.0,109.18
39.0,36.77
47.0,51.62
64.0,41.88
108.0,45.34
54.0,65.14
68.0,56.42
12.0,27.73
28.0,44.4
19.0,19.99
8.0,13.08
7.0,14.92
1.0,1.51
57.0,90.51
11.0,25.91
79.0,83.67
58.0,74.03
84.0,154.44
85.0,47.15
901.0,1135.24
221.0,371.93
442.0,442.74
322.0,395.2
480.0,431.47
389.0,214.2
282.0,566.67
197.0,219.12
125.0,138.57
47.0,80.08
43.0,53.15
60.0,140.88
109.0,127.19
199.0,337.03
73.0,111.6
100.0,97.81
42.0,93.99
181.0,118.21
88.0,95.04
109.0,95.72
38.0,86.41
164.0,106.53
123.0,134.33
71.0,40.54
18.0,30.11
51.0,43.18
42.0,40.12
24.0,45.7
75.0,60.87
48.0,33.46
17.0,32.64
12.0,17.56
12.0,20.29
18.0,17.91
81.0,119.8
27.0,66.54
58.0,77.59
109.0,237.02
128.0,131.36
1060.0,1480.97
657.0,875.23
1049.0,734.14
463.0,425.51
493.0,511.24
392.0,415.38
400.0,612.6
308.0,313.55
2951.0,500.49
347.0,391.39
144.0,474.02
265.0,275.73
174.0,263.8
77.0,73.05
273.0,167.31
262.0,196.61
170.0,235.11
147.0,161.78
91.0,252.36
155.0,144.33
228.0,291.1
114.0,116.17
21.0,22.15
113.0,131.92
41.0,50.77
53.0,75.78
43.0,54.55
90.0,68.41
30.0,33.87
9.0,13.87
15.0,20.51
8.0,10.98
9.0,9.46
11.0,11.38
5.0,11.0
2.0,4.8
104.0,73.58
35.0,21.91
91.0,112.67
1137.0,1561.83
149.0,91.05
688.0,359.52
862.0,831.78
308.0,665.08
446.0,492.26
348.0,525.95
339.0,453.72
254.0,406.66
89.0,92.07
260.0,324.87
259.0,233.39
146.0,242.59
104.0,271.79
58.0,105.99
61.0,82.28
238.0,243.45
355.0,303.17
25.0,22.01
44.0,40.86
44.0,51.05
27.0,45.68
49.0,44.03
85.0,85.88
47.0,45.54
56.0,39.51
99.0,44.37
24.0,43.5
50.0,43.92
14.0,14.88
23.0,34.45
62.0,279.14
14.0,9.26
19.0,21.13
14.0,25.06
11.0,14.06
43.0,62.79
13.0,10.08
7.0,9.9
17.0,11.17
8.0,19.54
97.0,33.71
17.0,15.26
24.0,49.22
201.0,107.64
1114.0,1412.48
262.0,416.14
263.0,342.46
40.0,63.49
344.0,349.08
234.0,150.29
339.0,155.12
241.0,2759.21
246.0,366.19
529.0,205.19
110.0,188.44
156.0,193.5
300.0,141.81
128.0,97.14
221.0,103.95
84.0,353.81
201.0,138.23
123.0,192.76
78.0,158.86
339.0,266.94
374.0,291.46
122.0,190.4
231.0,259.67
63.0,38.9
26.0,36.14
52.0,32.4
68.0,42.72
16.0,21.86
51.0,34.83
32.0,28.88
12.0,15.37
21.0,19.23
15.0,45.82
12.0,16.55
6.0,7.3
5.0,5.19
81.0,72.58
24.0,64.24
170.0,136.5
110.0,141.56
72.0,110.0
692.0,931.78
139.0,326.82
572.0,348.56
293.0,521.82
82.0,236.32
287.0,319.54
818.0,784.93
100.0,103.58
206.0,264.02
161.0,244.71
264.0,335.39
57.0,102.37
127.0,161.11
62.0,99.72
85.0,121.7
27.0,18.58
26.0,30.97
21.0,19.0
49.0,50.99
92.0,65.59
69.0,49.98
50.0,86.91
111.0,185.16
151.0,103.65
18.0,20.0
125.0,247.53
61.0,102.97
99.0,95.07
150.0,256.72
118.0,246.32
385.0,454.82
1078.0,978.01
74.0,89.86
474.0,864.96
3.0,5.83
21.0,22.18
171.0,135.57
648.0,442.96
39.0,78.07
31.0,36.65
13.0,11.26
21.0,45.35
43.0,77.54
101.0,70.25
22.0,30.99
22.0,66.44
49.0,39.2
12.0,10.63
38.0,38.08
19.0,27.17
15.0,30.89
20.0,19.76
18.0,37.28
18.0,17.34
26.0,65.83
19.0,44.38
36.0,42.19
50.0,85.08
162.0,74.0
66.0,66.87
1231.0,801.05
292.0,416.24
174.0,219.26
480.0,351.08
200.0,262.1
360.0,236.03
800.0,711.92
126.0,116.21
219.0,174.87
447.0,204.1
40.0,57.37
45.0,90.63
47.0,62.63
46.0,103.52
54.0,65.32
13.0,27.69
501.0,71.43
36.0,40.83
75.0,35.18
98.0,39.34
40.0,70.59
81.0,60.17
124.0,145.51
54.0,38.35
49.0,53.65
59.0,24.77
5.0,5.87
44.0,23.76
27.0,20.92
9.0,10.35
17.0,11.81
7.0,9.07
7.0,9.7
13.0,6.58
3.0,6.35
5.0,7.38
3.0,5.82
50.0,24.85
659.0,350.91
59.0,62.74
109.0,110.03
450.0,203.08
3063.0,3283.63
1143.0,846.09
640.0,762.99
933.0,670.91
182.0,199.1
419.0,455.32
498.0,509.73
231.0,165.3
364.0,400.12
584.0,289.97
127.0,97.03
112.0,244.34
140.0,200.54
90.0,226.12
167.0,197.46
152.0,212.76
193.0,134.27
137.0,112.86
222.0,150.09
383.0,273.74
207.0,202.9
43.0,39.99
43.0,88.86
75.0,113.39
24.0,52.89
20.0,31.44
11.0,38.17
45.0,40.15
64.0,65.7
39.0,44.91
44.0,53.33
22.0,30.47
17.0,34.09
27.0,33.17
101.0,132.48
27.0,31.18
18.0,22.07
12.0,9.41
10.0,18.11
14.0,10.93
9.0,15.4
5.0,5.68
7.0,9.19
75.0,38.24
130.0,148.1
155.0,174.1
242.0,138.17
562.0,968.27
896.0,1442.41
91.0,130.79
777.0,635.66
239.0,306.53
346.0,490.07
194.0,349.67
111.0,256.03
322.0,435.5
105.0,202.02
736.0,652.63
428.0,447.92
485.0,356.98
96.0,175.17
280.0,158.64
61.0,111.1
123.0,264.57
394.0,232.68
450.0,285.64
358.0,286.42
111.0,146.11
346.0,410.37
240.0,239.1
44.0,69.08
52.0,60.58
40.0,100.61
59.0,67.32
57.0,68.26
26.0,33.78
40.0,35.16
45.0,33.71
70.0,75.98
11.0,18.55
9.0,8.91
97.0,64.85
50.0,44.78
145.0,114.46
15.0,16.16
45.0,61.17
84.0,58.29
35.0,51.79
969.0,614.52
1583.0,956.31
318.0,344.8
511.0,345.62
243.0,492.14
168.0,373.75
788.0,1275.26
113.0,133.32
111.0,168.66
166.0,294.52
62.0,82.3
126.0,128.81
53.0,63.78
128.0,229.15
70.0,88.03
29.0,27.08
53.0,52.26
45.0,59.36
63.0,66.62
31.0,33.71
16.0,43.79
19.0,39.17
91.0,125.64
610.0,114.99
50.0,40.76
19.0,47.84
42.0,43.17
8.0,11.91
10.0,15.05
28.0,36.59
25.0,32.57
35.0,38.07
41.0,43.17
28.0,23.83
30.0,56.94
21.0,33.41
13.0,12.22
27.0,29.74
10.0,8.56
8.0,48.45
33.0,35.1
17.0,51.35
165.0,218.72
552.0,606.77
3570.0,3203.73
960.0,862.9
1244.0,1870.32
548.0,539.69
1332.0,826.78
465.0,396.82
616.0,684.1
27.0,42.79
210.0,440.23
521.0,879.07
300.0,416.32
211.0,201.73
315.0,377.68
59.0,153.22
49.0,67.24
174.0,167.41
34.0,101.53
153.0,160.2
288.0,182.44
216.0,209.22
215.0,182.63
33.0,75.16
62.0,72.86
141.0,387.0
90.0,152.21
69.0,97.56
57.0,84.93
147.0,138.3
146.0,192.96
129.0,120.61
50.0,69.88
245.0,239.97
165.0,40.23
58.0,15.25
62.0,122.84
23.0,47.92
22.0,18.72
39.0,44.85
264.0,160.14
30.0,38.55
209.0,181.09
247.0,382.57
261.0,229.22
427.0,433.54
850.0,567.12
685.0,596.79
299.0,574.91
355.0,381.25
794.0,921.8
521.0,1092.37
1058.0,2857.59
1681.0,2370.62
200.0,507.82
26.0,14.66
43.0,48.87
54.0,81.19
60.0,136.65
139.0,168.74
70.0,110.75
170.0,136.01
47.0,75.59
51.0,54.83
51.0,128.8
396.0,367.04
57.0,81.61
41.0,45.53
56.0,53.26
37.0,50.81
20.0,29.69
48.0,38.42
45.0,51.79
72.0,84.14
42.0,55.86
34.0,35.33
55.0,78.85
32.0,49.48
38.0,57.69
21.0,23.58
6.0,10.8
5.0,11.48
11.0,9.26
9.0,17.77
43.0,36.18
44.0,89.25
75.0,127.85
156.0,129.3
250.0,101.9
2645.0,3319.04
3300.0,2233.37
1030.0,1596.14
2096.0,1288.6
445.0,1170.78
1482.0,1803.64
444.0,736.76
660.0,634.77
856.0,852.69
344.0,470.94
487.0,484.7
197.0,310.4
879.0,812.26
442.0,409.32
141.0,157.98
485.0,564.86
246.0,266.28
191.0,208.78
166.0,185.14
169.0,102.62
119.0,144.07
146.0,150.33
195.0,177.09
461.0,543.18
310.0,334.88
163.0,173.77
160.0,128.11
32.0,32.64
27.0,30.47
16.0,21.49
24.0,34.77
38.0,56.6
47.0,42.12
40.0,91.01
59.0,119.84
120.0,210.44
48.0,72.92
65.0,184.02
17.0,14.4
62.0,59.74
21.0,21.45
5.0,5.13
54.0,30.78
23.0,18.9
26.0,17.24
22.0,22.28
8.0,15.05
19.0,19.92
10.0,16.94
14.0,12.95
7.0,9.17
11.0,14.65
4.0,9.8
9.0,11.43
72.0,157.0
22.0,30.04
84.0,82.89
9.0,14.7
84.0,63.89
1506.0,2755.2
1213.0,1870.65
1488.0,1419.5
822.0,645.36
224.0,356.41
626.0,482.45
57.0,85.14
265.0,370.19
230.0,379.15
117.0,175.65
486.0,356.56
82.0,134.48
67.0,124.73
364.0,340.86
1076.0,730.9
198.0,255.16
189.0,280.37
53.0,65.85
93.0,67.36
31.0,57.72
110.0,147.81
22.0,46.29
39.0,54.21
134.0,109.02
107.0,141.2
38.0,87.83
55.0,70.24
114.0,112.67
100.0,98.74
179.0,251.49
51.0,55.47
103.0,80.76
44.0,52.79
133.0,74.14
1001.0,123.55
85.0,103.97
24.0,36.76
46.0,39.03
57.0,74.53
60.0,46.47
23.0,44.94
24.0,29.89
31.0,49.73
30.0,25.69
20.0,22.36
18.0,23.85
19.0,56.74
14.0,10.59
3.0,11.92
14.0,16.62
27.0,30.77
91.0,174.0
28.0,47.68
120.0,73.24
38.0,50.22
1049.0,114.19
120.0,94.81
1889.0,2475.49
2571.0,2321.02
453.0,678.85
220.0,354.68
538.0,445.45
183.0,548.82
115.0,126.51
461.0,353.5
242.0,281.68
260.0,248.0
571.0,342.34
116.0,173.86
196.0,154.89
178.0,193.29
404.0,280.4
264.0,366.77
62.0,78.8
152.0,193.41
83.0,160.85
240.0,181.62
163.0,144.74
26.0,37.7
9.0,29.99
52.0,58.61
26.0,30.21
31.0,65.12
30.0,41.54
132.0,48.85
30.0,78.69
53.0,44.34
15.0,26.74
95.0,58.97
33.0,41.98
3.0,7.77
42.0,55.76
12.0,20.91
27.0,30.79
48.0,35.16
18.0,24.41
29.0,55.57
658.0,269.28
14.0,28.61
20.0,20.28
43.0,25.69
81.0,89.66
15.0,17.86
170.0,113.81
381.0,305.31
40.0,66.65
76.0,89.44
1272.0,1192.43
327.0,578.34
653.0,823.69
554.0,490.52
246.0,269.87
347.0,394.86
287.0,473.82
463.0,625.16
141.0,189.08
228.0,241.61
100.0,175.73
697.0,514.65
122.0,156.89
159.0,138.02
116.0,107.9
253.0,169.92
102.0,144.07
362.0,225.97
135.0,110.69
64.0,128.02
81.0,140.16
245.0,152.07
200.0,201.18
159.0,266.28
130.0,81.84
45.0,37.25
45.0,39.46
66.0,66.27
85.0,76.47
63.0,50.01
27.0,27.81
84.0,78.77
13.0,21.36
82.0,57.6
29.0,29.03
20.0,18.28
14.0,19.39
30.0,23.59
9.0,9.59
15.0,9.63
79.0,87.06
3.0,12.18
35.0,47.84
77.0,72.32
123.0,185.52
89.0,82.53
57.0,34.48
2093.0,1818.65
274.0,338.75
444.0,382.92
135.0,373.28
238.0,268.27
385.0,314.35
143.0,127.15
2606.0,1989.43
191.0,212.87
199.0,129.07
189.0,720.32
101.0,80.88
134.0,187.79
75.0,94.6
62.0,110.62
300.0,654.47
266.0,252.26
60.0,100.02
101.0,98.9
71.0,87.39
56.0,33.57
31.0,42.61
46.0,44.93
26.0,28.87
9.0,9.35
11.0,16.86
22.0,39.565
9.0,16.5
13.0,28.76
6.0,13.09
79.0,156.39
29.0,28.64
91.0,127.99
71.0,109.64
170.0,203.56
1718.0,1220.92
707.0,1052.86
1806.0,1081.5
365.0,597.86
732.0,514.35
277.0,286.92
261.0,1759.97
726.0,467.27
105.0,157.75
181.0,258.5
169.0,192.47
276.0,185.78
346.0,236.2
64.0,186.63
359.0,359.08
240.0,248.09
28.0,24.38
20.0,25.06
26.0,52.53
15.0,24.94
31.0,33.08
22.0,36.73
36.0,83.15
7.0,16.16
4.0,4.11
26.0,27.81
17.0,16.39
32.0,53.32
20.0,18.335
28.0,15.96
3.0,7.56
41.0,53.52
54.0,150.75
64.0,79.14
35.0,41.29
66.0,141.78
2573.0,1762.99
348.0,2134.16
380.0,692.83
512.0,604.28
434.0,826.23
403.0,518.9
474.0,271.33
92.0,115.86
2206.0,2665.42
144.0,232.24
291.0,231.26
14000.0,484.27
387.0,258.0
212.0,334.22
78.0,143.93
52.0,107.61
705.0,371.0
121.0,112.2
88.0,63.01
77.0,133.26
80.0,57.44
15.0,26.41
44.0,55.28
42.0,43.94
26.0,31.4
14.0,14.18
15.0,17.69
17.0,19.165
24.0,17.89
22.0,18.81
13.0,14.97
3.0,2.52
100.0,113.9
31.0,23.82
40.0,44.63
2061.0,1725.72
189.0,152.58
47.0,115.23
717.0,861.92
489.0,741.45
765.0,801.61
332.0,507.96
146.0,463.92
511.0,328.1
222.0,114.47
470.0,467.3
172.0,176.85
52.0,83.69
41.0,135.69
208.0,126.03
222.0,130.11
185.0,131.3
138.0,107.84
272.0,222.18
26.0,31.75
470.0,248.82
100.0,92.92
369.0,189.11
16.0,101.03
44.0,42.92
26.0,37.65
91.0,61.14
151.0,207.06
9.0,16.55
11.0,23.85
11.0,10.14
17.0,27.58
23.0,16.99
7.0,11.99
30.0,30.19
21.0,18.87
373.0,236.01
899.0,995.17
276.0,386.65
186.0,153.35
1422.0,1289.44
3216.0,1457.81
1445.0,1554.22
843.0,795.47
737.0,1274.94
569.0,917.41
480.0,525.56
1885.0,1725.35
353.0,405.62
504.0,530.58
211.0,311.95
176.0,345.6
546.0,673.12
375.0,430.42
187.0,181.35
1527.0,1118.28
56.0,60.04
111.0,156.99
87.0,97.32
58.0,48.19
55.0,58.51
36.0,53.7
53.0,78.96
74.0,52.24
37.0,42.46
27.0,32.98
50.0,51.56
458.0,64.87
62.0,64.34
67.0,53.35
20.0,15.14
30.0,58.52
32.0,30.48
139.0,76.92
29.0,22.67
4.0,15.74
61.0,56.66
144.0,141.47
82.0,68.72
65.0,88.95
91.0,94.06
2400.0,2112.66
2290.0,1408.11
2723.0,1964.38
501.0,901.97
1031.0,1157.35
256.0,357.88
330.0,537.04
281.0,298.74
318.0,358.51
1048.0,1189.11
120.0,313.76
293.0,466.35
269.0,194.36
363.0,276.91
258.0,141.9
174.0,196.68
136.0,187.66
95.0,106.54
245.0,441.1
145.0,140.18
106.0,69.05
49.0,115.07
73.0,72.62
46.0,71.57
73.0,70.35
56.0,146.37
40.0,105.12
133.0,67.5
118.0,91.86
107.0,106.82
12.0,15.65
67.0,49.88
18.0,33.66
18.0,25.68
18.0,23.41
15.0,25.62
11.0,14.61
8.0,15.43
14.0,28.47
27.0,17.53
42.0,54.91
148.0,189.68
144.0,151.35
21.0,23.29
155.0,222.45
76.0,121.03
1012.0,1165.96
1023.0,1602.22
712.0,1006.77
635.0,725.95
560.0,510.87
297.0,610.77
601.0,567.29
292.0,339.62
136.0,260.48
845.0,415.66
333.0,258.17
520.0,349.24
229.0,268.91
211.0,195.57
599.0,437.5
206.0,338.64
212.0,243.47
111.0,111.34
291.0,175.24
138.0,115.15
62.0,121.51
342.0,205.68
34.0,29.76
27.0,27.55
26.0,22.67
69.0,39.24
13.0,21.66
22.0,73.25
193.0,110.39
533.0,1737.0
795.0,807.28
20.0,40.33
131.0,136.82
40.0,75.41
81.0,89.71
54.0,66.98
50.0,39.58
26.0,36.92
94.0,71.63
50.0,90.88
79.0,70.24
41.0,47.93
77.0,57.65
48.0,103.24
170.0,115.1
49.0,107.76
31.0,44.52
50.0,88.23
49.0,40.16
25.0,29.46
32.0,54.48
54.0,21.69
49.0,30.02
81.0,85.24
42.0,63.78
25.0,23.87
13.0,9.936666666666666
7.0,6.82
6.0,6.7
6.0,9.68
70.0,94.99
60.0,51.25
41.0,67.15
99.0,173.49
72.0,118.6
2954.0,1635.91
813.0,867.6
1272.0,1179.89
53.0,71.09
326.0,437.84
743.0,966.66
462.0,346.78
484.0,853.63
382.0,530.81
920.0,575.11
516.0,598.06
348.0,327.64
165.0,191.54
746.0,749.38
154.0,674.47
292.0,250.59
115.0,103.38
78.0,104.95
111.0,136.3
104.0,166.81
43.0,111.21
82.0,108.72
382.0,190.58
156.0,174.0
227.0,148.86
308.0,204.48
123.0,138.06
16.0,22.59
46.0,82.75
30.0,54.59
40.0,37.46
63.0,58.28
45.0,56.32
8.0,15.27
85.0,36.85
22.0,19.8
5.0,8.69
13.0,21.61
13.0,26.24
8.0,10.6
5.0,8.62
3.0,6.51
13.0,24.57
6.0,4.66
2.0,2.75
30.0,67.21
34.0,30.27
43.0,120.67
132.0,175.21
35.0,49.1
34.0,188.38
3000.0,2271.93
2615.0,2086.42
2135.0,1322.64
672.0,953.62
678.0,386.01
519.0,488.98
199.0,504.26
314.0,249.44
205.0,308.75
166.0,405.98
64.0,127.22
64.0,77.12
75.0,109.41
61.0,103.08
68.0,76.01
330.0,187.99
85.0,159.53
24.0,39.64
104.0,181.77
105.0,64.51
41.0,39.28
59.0,44.29
31.0,43.08
35.0,64.32
29.0,59.68
18.0,39.09
28.0,74.07
72.0,80.23
28.0,41.52
48.0,31.49
51.0,52.35
43.0,44.91
89.0,31.91
32.0,29.27
29.0,34.66
40.0,39.03
28.0,37.6
21.0,48.29
14.0,18.23
94.0,27.65
24.0,44.32
43.0,111.21
5.0,10.91
3.0,9.66
6.0,10.45
6.0,10.18
6.0,9.53
23.0,20.59
136.0,82.43
237.0,188.0
58.0,37.5
767.0,823.57
1157.0,1944.32
508.0,522.66
984.0,354.56
239.0,276.35
1358.0,224.08
97.0,44.99
86.0,282.01
254.0,270.97
110.0,130.56
487.0,306.33
367.0,199.72
128.0,118.4
128.0,114.98
360.0,252.38
483.0,482.38
83.0,108.75
59.0,72.73
103.0,111.65
218.0,220.55
38.0,46.77
33.0,98.64
71.0,107.6
122.0,184.31
67.0,61.07
94.0,135.67
252.0,220.59
4800.0,96.32
39.0,46.88
267.0,119.94
6.0,9.0
61.0,75.14
35.0,62.67
62.0,46.18
20.0,14.58
33.0,41.57
15.0,20.26
13.0,23.56
11.0,47.29
25.0,20.08
71.0,92.25
23.0,29.38
258.0,118.46
88.0,75.94
79.0,94.89
168.0,134.0
1599.0,1675.43
528.0,962.58
1415.0,1366.64
360.0,343.93
412.0,577.01
2292.0,2566.36
300.0,255.35
63.0,117.4
69.0,77.06
113.0,209.55
77.0,100.97
116.0,184.55
567.0,618.44
41.0,59.43
26.0,24.82
7.0,19.12
13.0,14.62
25.0,27.52
37.0,49.0
17.0,18.5
9.0,9.55
4.0,3.83
26.0,38.47
10.0,15.39
38.0,45.16
78.0,90.76
62.0,49.97
381.0,561.74
54.0,48.67
458.0,419.01
414.0,471.64
205.0,131.78
356.0,350.82
195.0,133.07
154.0,128.9
58.0,55.14
40.0,55.98
97.0,136.33
25.0,33.62
6.0,7.24
14.0,10.95
22.0,9.94
17.0,14.31
19.0,20.83
24.0,26.75
7.0,46.9
35.0,41.38
119.0,120.89
25.0,41.94
41.0,78.82
90.0,75.08
384.0,228.86
54.0,63.31
287.0,359.31
240.0,421.22
358.0,681.84
22.0,17.71
57.0,84.7
46.0,61.19
206.0,187.45
71.0,83.7
110.0,146.72
328.0,370.54
311.0,246.98
34.0,33.42
154.0,112.91
67.0,49.38
106.0,108.42
48.0,49.82
43.0,49.33
34.0,46.23
47.0,58.1
27.0,39.43
19.0,22.52
106.0,18.57
17.0,29.65
386.0,171.97
33.0,29.32
9.0,19.59
14.0,20.1
11.0,11.24
8.0,6.84
11.0,3.96
161.0,75.19
30.0,45.75
82.0,128.13
8.0,20.74
101.0,107.06
123.0,119.38
3271.0,2215.14
1061.0,1427.56
340.0,606.54
413.0,522.49
367.0,374.16
349.0,576.83
260.0,376.9
201.0,345.51
131.0,154.89
1250.0,1332.97
247.0,94.94
176.0,487.52
218.0,129.53
101.0,77.77
208.0,264.19
69.0,113.33
128.0,171.1
123.0,186.53
347.0,244.92
137.0,132.56
100.0,144.35
65.0,66.36
113.0,181.89
83.0,82.25
151.0,103.74
109.0,101.81
73.0,83.62
20.0,17.6575
30.0,26.37
16.0,28.09
14.0,19.18
24.0,25.34
5.0,3.11
148.0,138.85
42.0,39.86
151.0,210.64
85.0,135.7
234.0,317.26
126.0,230.18
684.0,824.32
527.0,631.29
737.0,654.9
371.0,526.46
529.0,499.0
153.0,297.39
228.0,306.87
621.0,812.75
618.0,416.49
238.0,380.87
164.0,172.9
365.0,417.31
219.0,243.27
258.0,213.34
262.0,319.66
69.0,61.356
53.0,72.75
16.0,39.91
68.0,74.37
45.0,61.19
29.0,54.76
29.0,56.7
47.0,35.97
60.0,65.72
15.0,24.55
56.0,132.51
22.0,33.99
42.0,45.16
20.0,33.52
18.0,45.71
5.0,30.93
49.0,43.65
20.0,39.82
15.0,20.32
18.0,25.47
15.0,18.33
4.0,8.46
15.0,6.5
97.0,102.26
53.0,36.53
83.0,97.05
257.0,460.02
76.0,114.64
3117.0,4945.6
55.0,132.47
2691.0,2534.79
1657.0,1844.79
2592.0,1266.32
252.0,392.09
530.0,425.94
307.0,542.22
196.0,369.82
74.0,147.6
90.0,138.88
245.0,236.54
1244.0,1822.69
263.0,131.31
231.0,267.85
122.0,85.91
34.0,52.56
274.0,169.84
64.0,61.01
25.0,50.36
44.0,57.33
170.0,216.34
43.0,92.2
168.0,276.14
243.0,197.82
56.0,33.63
36.0,49.79
114.0,103.61
79.0,110.89
75.0,97.71
66.0,72.41
58.0,51.94
80.0,69.37
15.0,13.27
14.0,7.46
38.0,24.99
15.0,16.89
9.0,23.86
38.0,26.0
6.0,10.34
54.0,30.65
13.0,15.59
17.0,5.45
176.0,94.82
38.0,26.62
89.0,61.74
10.0,18.66
111.0,163.27
271.0,144.13
478.0,1089.55
1167.0,920.26
509.0,735.35
852.0,839.09
644.0,672.44
573.0,553.4
192.0,203.57
578.0,536.43
137.0,179.32
502.0,362.35
240.0,330.59
151.0,248.83
65.0,67.99
136.0,185.26
160.0,92.34
51.0,64.85
139.0,132.49
167.0,184.16
252.0,78.42
41.0,61.7
37.0,58.25
96.0,139.06
48.0,57.69
49.0,51.32
88.0,115.45
40.0,48.28
59.0,84.9
56.0,53.88
22.0,25.86
12.0,30.9
4.0,4.32
27.0,18.39
11.0,15.11
10.0,16.9
13.0,26.53
4.0,7.07
7.0,7.97
7.0,10.863333333333333
12.0,14.43
8.0,5.73
339.0,100.05
53.0,32.21
62.0,120.06
39.0,55.96
69.0,124.71
1303.0,2079.52
973.0,799.77
211.0,645.6
879.0,685.59
533.0,312.21
413.0,483.76
100.0,114.25
241.0,335.21
243.0,222.85
85.0,322.38
212.0,200.83
207.0,276.37
235.0,375.42
372.0,436.1
195.0,259.0
79.0,165.27
139.0,127.8
244.0,242.18
192.0,259.37
268.0,325.0
338.0,333.63
286.0,362.99
2.0,2.42
3.0,4.93
18.0,21.56
11.0,24.04
17.0,30.46
27.0,33.75
26.0,28.94
21.0,50.56
24.0,33.56
29.0,39.95
42.0,79.18
121.0,118.26
176.0,160.76
307.0,327.1
200.0,441.94
494.0,530.04
1002.0,683.43
1603.0,1182.87
1000.0,1002.65
28.0,37.7
21.0,21.08
30.0,67.27
156.0,199.99
30.0,44.99
1076.0,420.98
537.0,223.04
40.0,123.27
119.0,143.04
132.0,157.31
37.0,48.34
27.0,33.52
23.0,37.48
69.0,58.87
46.0,38.61
20.0,17.48
7.0,10.34
5.0,6.61
8.0,8.71
114.0,107.8
32.0,43.64
169.0,136.16
896.0,1539.18
192.0,234.68
59.0,118.52
3909.0,2758.7
1579.0,676.59
822.0,1401.76
396.0,510.25
2112.0,1964.44
160.0,451.57
465.0,599.06
170.0,236.64
437.0,496.54
251.0,329.46
212.0,385.5
83.0,42.2
44.0,37.33
50.0,47.4
49.0,52.2
74.0,73.32
75.0,75.64
150.0,164.05
54.0,37.37
9.0,27.55
58.0,33.15
14.0,14.58
28.0,31.21
16.0,23.89
35.0,32.49
79.0,26.66
90.0,42.88
16.0,48.21
11.0,15.31
11.0,9.82
24.0,33.75
7.0,6.57
15.0,9.34
29.0,45.04
114.0,77.84
51.0,98.33
69.0,69.83
126.0,121.44
731.0,872.86
1792.0,1667.21
1355.0,1853.08
188.0,281.91
228.0,428.72
484.0,689.52
624.0,542.55
872.0,506.05
652.0,622.43
498.0,512.93
598.0,700.07
293.0,355.15
643.0,872.91
242.0,276.17
103.0,80.42
198.0,412.27
88.0,62.77
88.0,73.93
75.0,120.85
131.0,213.89
76.0,458.03
87.0,105.74
200.0,276.92
44.0,55.29
94.0,104.28
105.0,71.21
51.0,38.83
67.0,44.54
65.0,47.29
88.0,101.88
60.0,106.67
21.0,51.52
23.0,36.05
16.0,21.13
130.0,84.3
65.0,36.05
46.0,49.21
21.0,26.25
15.0,19.07
13.0,10.16
19.0,23.01
16.0,17.0425
5.0,13.93
5.0,6.47
13.0,20.71
13.0,9.58
27.0,37.88
121.0,107.12
264.0,205.83
41.0,56.64
1803.0,2127.51
996.0,1567.36
777.0,1012.49
611.0,830.78
1431.0,1239.25
751.0,1027.59
421.0,452.99
1687.0,695.8
505.0,709.38
357.0,481.08
726.0,448.76
1394.0,1667.26
199.0,241.22
196.0,195.22
302.0,182.21
79.0,126.55
107.0,167.72
400.0,216.15
423.0,285.74
345.0,348.32
41.0,67.06
129.0,125.97
119.0,171.87
27.0,21.47
30.0,35.8
31.0,28.4
41.0,38.83
76.0,38.44
26.0,27.73
158.0,96.21
33.0,33.6
32.0,44.2
32.0,48.26
60.0,53.62
49.0,47.98
12.0,14.69
29.0,37.31
14.0,18.985
8.0,8.86
31.0,22.56
26.0,19.47
40.0,32.21
17.0,21.7
33.0,46.2
14.0,8.64
17.0,13.25
12.0,17.3
14.0,11.97
8.0,15.10333333333333
60.0,61.19
11.0,4.48
3.0,1.89
19.0,36.91
26.0,88.31
82.0,73.31
125.0,130.2
14.0,39.18
1275.0,1387.73
1802.0,1967.74
477.0,828.76
217.0,347.79
353.0,645.07
62.0,91.22
568.0,669.52
362.0,418.48
228.0,593.55
192.0,284.63
517.0,307.22
233.0,527.47
283.0,520.27
144.0,210.8
606.0,491.43
333.0,698.61
211.0,271.62
224.0,246.21
66.0,64.95
103.0,119.05
116.0,118.8
193.0,148.76
207.0,174.03
50.0,55.71
245.0,299.53
246.0,163.94
193.0,242.67
206.0,411.5
273.0,235.56
103.0,134.65
223.0,734.16
11.0,15.33
22.0,50.78
28.0,26.85
174.0,192.74
44.0,28.0
23.0,27.16
23.0,43.15
33.0,42.95
14.0,18.11
9.0,8.49
12.0,12.96
17.0,33.54
21.0,21.14
11.0,21.07
7.0,13.37
14.0,14.55
7.0,11.8
3.0,5.6
28.0,40.97
28.0,39.82
14.0,23.66
716.0,616.58
87.0,69.25
20.0,34.65
2550.0,1054.84
1452.0,882.86
713.0,425.06
612.0,481.83
188.0,296.89
145.0,183.43
95.0,141.69
296.0,245.85
218.0,385.7
114.0,187.41
275.0,234.02
90.0,94.5
57.0,61.76
41.0,43.28
195.0,161.75
60.0,61.03
125.0,105.53
128.0,115.41
53.0,66.78
34.0,24.18
32.0,31.35
24.0,16.24
117.0,51.94
31.0,38.24
42.0,39.4
30.0,27.92
70.0,103.29
171.0,107.36
113.0,89.89
279.0,304.73
269.0,337.51
218.0,286.99
316.0,398.86
82.0,111.93
115.0,80.82
143.0,147.73
668.0,852.8
149.0,183.2
37.0,46.32
94.0,91.04
35.0,55.08
52.0,39.06
74.0,45.09
147.0,91.74
54.0,80.03
11.0,25.12
52.0,43.46
50.0,42.0
42.0,56.96
66.0,46.74
93.0,35.36
23.0,18.64
44.0,24.94
57.0,41.51
51.0,32.96
33.0,31.13
17.0,26.27
16.0,11.51
15.0,18.97
13.0,12.88
24.0,17.53
9.0,11.45
27.0,17.39
51.0,48.19
29.0,38.25
271.0,146.16
6.0,5.08
170.0,172.42
113.0,72.48
1058.0,2340.83
804.0,1040.52
1958.0,830.16
849.0,1027.08
203.0,406.74
1117.0,609.32
313.0,597.07
976.0,434.07
317.0,442.17
127.0,153.68
559.0,337.37
122.0,201.22
794.0,947.87
302.0,211.4
335.0,313.16
163.0,127.72
52.0,66.72
500.0,299.9
148.0,207.23
144.0,250.23
151.0,206.45
51.0,106.34
156.0,284.7
333.0,90.81
283.0,307.82
55.0,121.05
51.0,54.2
12.0,60.97
18.0,51.04
23.0,35.34
58.0,34.73
31.0,29.87
22.0,28.7
3.0,4.5
66.0,39.4
21.0,19.58
12.0,17.96
39.0,12.45
25.0,17.04
3.0,7.26
48.0,85.14
19.0,39.16
97.0,107.77
3.0,4.67
68.0,88.72
109.0,87.99
455.0,1520.38
869.0,1124.23
909.0,679.2
895.0,559.39
148.0,351.38
154.0,236.85
369.0,341.83
858.0,1556.72
163.0,158.66
65.0,144.75
440.0,134.38
100.0,192.55
115.0,167.18
709.0,307.64
87.0,67.34
183.0,291.36
25.0,40.34
78.0,69.23
35.0,46.2
37.0,51.8
35.0,42.54
48.0,42.26
27.0,27.91
18.0,29.45
22.0,15.19
17.0,14.64
41.0,31.3
22.0,16.27
5.0,9.07
80.0,96.61
5.0,6.81
17.0,19.5
97.0,154.51
79.0,87.38
56.0,59.23
75.0,117.05
667.0,693.56
549.0,696.5
1543.0,1201.18
452.0,448.89
298.0,532.5
575.0,652.17
675.0,761.2
386.0,321.87
120.0,233.56
254.0,348.12
397.0,368.84
162.0,171.24
288.0,347.62
146.0,278.25
223.0,250.55
230.0,286.15
29.0,32.23
78.0,59.65
27.0,46.55
45.0,62.65
53.0,63.1
73.0,82.0
51.0,81.27
45.0,30.48
45.0,50.17
5.0,11.81
27.0,26.21
3.0,3.86
12.0,16.4
30.0,24.82
8.0,9.69
11.0,39.36
12.0,19.83
15.0,11.72
101.0,33.64
11.0,13.12
24.0,75.38
19.0,16.15
66.0,76.51
204.0,396.86
78.0,110.49
64.0,91.89
1338.0,734.48
367.0,538.5
1190.0,1074.56
374.0,290.47
861.0,670.56
387.0,537.02
502.0,378.0
589.0,322.37
263.0,276.43
2305.0,1865.85
123.0,229.86
55.0,98.41
225.0,144.8
130.0,95.57
93.0,100.72
155.0,145.85
78.0,144.3
122.0,117.48
230.0,181.63
111.0,102.51
43.0,66.72
60.0,63.59
107.0,58.41
107.0,82.4
70.0,54.05
30.0,53.69
37.0,35.29
8.0,10.83
10.0,11.58
9.0,12.47
18.0,14.65
27.0,15.31
7.0,7.3
1.0,5.52
7.0,7.47
5.0,6.33
2.0,6.15
73.0,79.57
15.0,20.77
178.0,111.86
87.0,122.87
148.0,152.46
78.0,138.5
596.0,666.87
403.0,448.4
332.0,285.71
632.0,548.15
99.0,181.0
270.0,282.1
266.0,303.15
150.0,155.92
552.0,1071.44
327.0,250.91
298.0,379.86
204.0,214.43
114.0,195.27
130.0,63.33
63.0,116.48
135.0,165.45
124.0,173.08
51.0,46.56
42.0,61.08
62.0,45.23
47.0,34.75
44.0,40.22
25.0,33.32
34.0,35.19
17.0,15.82
18.0,18.31
33.0,19.88
9.0,15.18
14.0,9.38
450.0,251.8
19.0,21.545
73.0,48.67
473.0,690.42
78.0,79.26
476.0,1006.26
950.0,1067.27
857.0,1006.3
68.0,67.19
345.0,677.92
450.0,944.87
257.0,181.64
137.0,173.52
108.0,138.42
122.0,112.07
87.0,109.71
327.0,431.88
2.0,14.36
20.0,17.12
39.0,37.37
24.0,34.59
122.0,198.77
257.0,422.53
591.0,987.26
29.0,72.89
139.0,75.86
82.0,91.71
109.0,124.11
117.0,130.2
85.0,75.9
89.0,79.27
139.0,56.88
62.0,58.33
140.0,84.72
61.0,47.77
33.0,43.0
11.0,21.4
53.0,68.55
12.0,22.62
46.0,47.41
18.0,24.95
26.0,38.27
19.0,17.45
14.0,20.015
17.0,19.51
47.0,71.27
137.0,159.81
22.0,35.63
215.0,468.25
1232.0,1915.64
1846.0,1730.41
1448.0,1017.89
825.0,904.03
990.0,748.83
554.0,1004.12
356.0,679.28
98.0,222.15
357.0,356.11
668.0,810.13
439.0,563.37
198.0,177.0
110.0,115.1
225.0,206.49
124.0,140.2
413.0,184.29
345.0,280.19
169.0,275.6
524.0,340.71
220.0,348.65
183.0,174.26
89.0,98.74
7.0,4.44
8.0,8.47
15.0,17.18
28.0,25.43
19.0,22.75
34.0,31.98
37.0,52.27
130.0,119.11
107.0,105.67
80.0,72.93
433.0,223.11
110.0,115.2
243.0,251.68
276.0,128.11
94.0,136.9
959.0,688.74
228.0,226.4
752.0,870.87
795.0,1068.52
86.0,71.45
32.0,44.43
37.0,32.72
87.0,76.8
40.0,59.25
50.0,48.67
96.0,59.9
49.0,33.09
44.0,51.57
23.0,28.05
79.0,22.83
16.0,21.1475
14.0,28.18
18.0,20.59
14.0,12.84
5.0,4.35
15.0,19.27
10.0,17.26
54.0,9.39
51.0,48.02
27.0,22.41
104.0,121.85
9.0,25.71
45.0,66.95
4136.0,6088.55
1048.0,963.9
469.0,377.26
571.0,418.63
33.0,36.06
93.0,219.48
209.0,323.73
254.0,278.87
277.0,286.69
257.0,418.06
148.0,231.25
133.0,137.92
120.0,180.72
398.0,217.05
128.0,158.97
55.0,60.15
61.0,79.83
227.0,95.95
35.0,71.65
143.0,241.78
43.0,41.6
16.0,23.12
43.0,41.89
55.0,23.93
39.0,72.87
31.0,52.53
45.0,69.96
89.0,47.48
98.0,120.45
50.0,78.01
16.0,28.25
5.0,5.13
26.0,29.72
6.0,15.66
13.0,15.59
14.0,13.35
16.0,9.31
12.0,9.67
5.0,9.63
10.0,9.94
31.0,49.99
2.0,51.28
10.0,6.63
24.0,45.19
164.0,109.88
23.0,26.77
71.0,99.67
63.0,75.3
2174.0,2982.56
513.0,787.37
963.0,830.66
653.0,644.69
678.0,933.53
292.0,374.06
222.0,250.65
164.0,192.1
221.0,272.53
275.0,240.46
723.0,1447.57
374.0,221.8
48.0,112.29
141.0,66.31
58.0,58.37
101.0,166.83
65.0,160.52
47.0,113.67
130.0,136.08
171.0,140.93
767.0,211.17
85.0,125.23
195.0,109.94
30.0,76.11
37.0,80.58
58.0,62.43
48.0,56.23
82.0,57.44
53.0,39.54
45.0,55.47
72.0,47.52
28.0,50.82
23.0,20.1
32.0,25.04
39.0,25.96
5.0,8.48
13.0,23.24
49.0,128.1
19.0,9.87
5.0,10.23
3.0,6.34
73.0,109.38
19.0,41.92
51.0,58.31
65.0,147.59
106.0,112.18
2804.0,2142.32
355.0,774.7
764.0,464.5
314.0,465.16
933.0,698.82
81.0,86.05
299.0,609.56
445.0,417.54
276.0,438.32
820.0,544.13
195.0,194.31
449.0,219.92
154.0,193.59
311.0,244.53
88.0,108.55
128.0,153.16
40.0,63.91
155.0,52.43
54.0,88.42
476.0,247.8
11.0,15.59
2.0,3.17
16.0,27.11
60.0,46.5
16.0,25.49
9.0,28.18
4.0,5.04
34.0,35.42
57.0,51.84
130.0,125.1
99.0,88.58
103.0,128.4
235.0,484.6
133.0,230.84
341.0,269.74
560.0,487.11
987.0,804.6
160.0,94.25
8.0,4.46
32.0,21.54
26.0,32.46
12.0,24.28
26.0,34.03
64.0,41.89
52.0,56.64
23.0,36.6
61.0,60.81
118.0,114.04
81.0,154.81
373.0,527.74
294.0,346.27
763.0,588.42
70.0,48.5
773.0,922.43
12.0,25.39
37.0,45.36
48.0,60.23
32.0,51.98
29.0,25.4
28.0,24.91
28.0,43.99
32.0,63.77
17.0,25.1
6.0,9.31
18.0,22.94
22.0,19.06
13.0,19.83
17.0,25.07
9.0,12.05
12.0,10.34
9.0,7.91
2.0,2.49
38.0,42.04
17.0,17.08
51.0,62.65
2.0,2.66
89.0,175.64
116.0,123.34
1273.0,1429.09
854.0,1070.9
534.0,494.64
571.0,437.18
407.0,477.4
303.0,253.27
278.0,505.48
243.0,244.17
289.0,239.22
408.0,700.27
100.0,170.57
304.0,321.27
152.0,164.67
85.0,183.37
301.0,236.01
71.0,142.41
66.0,155.09
354.0,193.08
184.0,306.02
70.0,62.97
34.0,39.94
45.0,42.38
27.0,29.31
23.0,52.29
38.0,41.34
11.0,9.57
25.0,23.47
23.0,18.07
10.0,25.46
5.0,8.81
7.0,6.78
35.0,58.24
18.0,30.98
69.0,204.17
21.0,65.0
93.0,70.87
60.0,104.23
1267.0,1077.12
282.0,254.28
99.0,91.94
116.0,180.21
132.0,184.28
228.0,289.74
163.0,84.59
90.0,137.15
69.0,91.95
75.0,81.56
28.0,39.11
103.0,102.58
124.0,140.86
45.0,52.38
37.0,54.51
29.0,42.44
33.0,30.37
74.0,75.22
67.0,76.99
42.0,88.71
55.0,91.73
59.0,34.1
40.0,42.03
92.0,71.1
130.0,47.23
47.0,41.14
126.0,70.46
84.0,110.71
55.0,58.51
12.0,26.84
11.0,22.99
26.0,28.51
88.0,103.1
11.0,8.32
44.0,54.23
5.0,8.05
6.0,7.62
13.0,15.67
27.0,20.986666666666665
32.0,12.15
16.0,13.86
18.0,14.46
11.0,9.84
12.0,20.23
15.0,15.26
67.0,145.53
20.0,32.77
22.0,23.59
170.0,140.27
550.0,289.84
98.0,77.79
153.0,288.95
933.0,313.72
770.0,385.19
409.0,398.49
199.0,299.73
220.0,237.94
665.0,524.57
623.0,866.71
1104.0,931.3
882.0,685.52
773.0,1084.66
869.0,767.65
627.0,903.35
595.0,912.73
63.0,62.65
254.0,326.29
188.0,140.96
254.0,313.17
223.0,164.58
192.0,130.31
347.0,265.18
58.0,83.95
232.0,156.44
95.0,128.55
174.0,153.5
95.0,112.64
318.0,181.73
38.0,68.68
181.0,234.17
69.0,146.1
296.0,200.57
42.0,94.17
89.0,111.97
298.0,373.28
122.0,99.54
37.0,45.99
30.0,38.21
34.0,37.19
30.0,36.24
28.0,31.88
26.0,21.11
37.0,82.33
19.0,19.6
128.0,43.09
50.0,62.12
150.0,135.82
78.0,52.67
133.0,129.7
34.0,49.43
27.0,83.55
39.0,33.25
52.0,50.95
13.0,17.54
61.0,105.67
27.0,37.67
18.0,29.28
15.0,15.91
50.0,30.79
68.0,75.6
10.0,7.41
6.0,7.92
9.0,8.19
7.0,11.46
10.0,15.12
13.0,16.88
11.0,12.9
10.0,12.37
17.0,22.8
24.0,18.073333333333334
144.0,260.02
15.0,15.0
45.0,28.03
10.0,25.29
24.0,20.12
21.0,22.56
17.0,21.99
27.0,35.23
20.0,29.89
9.0,22.0
80.0,63.8
215.0,207.28
51.0,59.95
159.0,316.85
477.0,315.86
322.0,125.21
187.0,280.33
435.0,549.45
420.0,611.27
946.0,633.08
449.0,709.92
748.0,694.65
497.0,797.84
375.0,525.13
846.0,824.87
952.0,690.64
1046.0,1448.99
1774.0,920.18
820.0,1779.85
2519.0,1962.36
1459.0,2543.77
38.0,82.95
203.0,359.25
264.0,290.54
799.0,805.3
163.0,139.63
57.0,74.65
114.0,95.98
106.0,76.09
87.0,89.69
32.0,42.97
96.0,106.49
102.0,112.41
323.0,267.87
245.0,188.2
167.0,94.39
321.0,308.77
1371.0,206.68
117.0,157.24
93.0,71.96
149.0,167.62
191.0,256.7
156.0,182.71
383.0,322.4
177.0,250.09
102.0,83.1
40.0,51.79
34.0,63.41
56.0,58.86
58.0,32.72
11.0,7.56
74.0,68.06
52.0,37.51
41.0,46.18
40.0,26.96
26.0,41.82
69.0,52.74
62.0,47.7
24.0,20.59
12.0,20.42
30.0,26.88
36.0,30.11
50.0,28.48
27.0,29.13
21.0,14.66
29.0,19.67
5.0,8.21
9.0,9.23
7.0,8.23
5.0,7.15
51.0,66.17
48.0,79.16
75.0,67.39
59.0,61.88
143.0,116.89
3360.0,4629.0
4299.0,3125.47
343.0,664.56
310.0,943.34
71.0,89.44
680.0,758.42
622.0,617.39
208.0,322.29
252.0,355.93
131.0,124.74
133.0,205.32
595.0,303.58
1094.0,790.84
73.0,72.83
234.0,300.14
99.0,120.83
166.0,86.01
79.0,116.14
81.0,120.89
57.0,148.15
128.0,136.94
169.0,162.4
88.0,138.09
112.0,136.37
151.0,79.45
179.0,179.09
21.0,34.92
63.0,58.68
101.0,129.04
130.0,92.13
102.0,99.3
67.0,88.26
52.0,56.62
75.0,33.18
19.0,39.67
28.0,27.95
173.0,231.74
43.0,33.7
21.0,37.67
177.0,115.91
22.0,23.62
110.0,72.85
65.0,48.79
88.0,157.51
67.0,93.17
128.0,152.35
1153.0,1602.78
1745.0,940.6
542.0,426.22
207.0,320.01
287.0,378.78
200.0,256.38
643.0,296.33
269.0,304.27
495.0,245.99
354.0,215.9
85.0,106.35
104.0,294.63
130.0,267.31
202.0,254.95
97.0,116.45
148.0,150.24
37.0,44.81
40.0,68.35
55.0,42.37
25.0,21.38
288.0,444.67
269.0,259.61
94.0,101.66
101.0,142.87
154.0,154.89
21.0,29.27
30.0,47.27
32.0,51.2
11.0,23.13
52.0,35.79
44.0,23.48
26.0,12.76
21.0,25.44
22.0,23.17
24.0,25.88
20.0,12.57
23.0,30.1
20.0,17.7
38.0,12.45
7.0,7.75
8.0,11.51
25.0,11.29
11.0,14.09
5.0,5.08
52.0,58.11
11.0,21.91
51.0,77.06
21.0,7.88
96.0,112.64
74.0,94.56
508.0,637.39
1533.0,737.66
210.0,512.17
239.0,379.16
227.0,320.78
470.0,401.26
212.0,273.71
168.0,217.99
224.0,173.46
188.0,292.98
378.0,409.94
107.0,53.1
168.0,186.97
53.0,50.22
51.0,52.53
63.0,85.71
93.0,61.68
110.0,70.58
76.0,79.6
99.0,61.69
37.0,104.29
158.0,122.75
87.0,78.03
26.0,50.93
17.0,27.72
30.0,29.08
20.0,28.11
25.0,34.89
63.0,61.09
23.0,25.96
50.0,55.0
45.0,45.96
43.0,54.35
27.0,32.87
38.0,35.79
3.0,3.47
6.0,16.98
25.0,14.31
19.0,18.28666666666667
11.0,10.4
11.0,10.15
6.0,11.17
13.0,10.53
8.0,11.63
3.0,4.35
26.0,8.16
10.0,6.36
84.0,76.42
19.0,23.92
34.0,41.57
43.0,78.43
95.0,135.47
1715.0,2538.91
1422.0,988.39
423.0,424.63
871.0,558.35
185.0,248.71
33.0,39.34
529.0,275.49
88.0,116.38
285.0,493.01
146.0,281.81
128.0,119.98
82.0,71.09
95.0,146.83
45.0,52.97
87.0,128.31
67.0,54.12
58.0,74.26
33.0,58.23
125.0,109.94
88.0,106.01
239.0,70.3
39.0,57.26
34.0,45.46
39.0,52.48
40.0,47.52
97.0,67.78
121.0,111.94
37.0,39.42
45.0,62.09
17.0,30.44
65.0,52.69
38.0,45.7
46.0,38.04
21.0,42.94
41.0,39.22
28.0,27.02
18.0,30.13
15.0,18.79
58.0,74.03
48.0,35.62
50.0,45.06
60.0,76.3
300.0,275.75
32.0,57.93
915.0,397.05
588.0,533.17
530.0,392.59
458.0,397.03
188.0,219.33
64.0,103.95
142.0,133.42
189.0,178.89
53.0,66.55
88.0,148.19
100.0,124.05
93.0,58.66
122.0,119.53
181.0,71.87
56.0,91.59
64.0,61.34
73.0,50.18
37.0,75.3
49.0,61.81
23.0,63.08
30.0,41.82
57.0,58.61
58.0,87.51
52.0,68.41
34.0,31.44
25.0,48.07
48.0,20.82
17.0,12.88
18.0,24.59
15.0,37.89
55.0,59.32
29.0,19.89
17.0,21.67
42.0,25.4
18.0,17.69
77.0,38.82
32.0,19.49
8.0,29.29
4.0,10.55
5.0,5.33
89.0,104.92
81.0,121.9
36.0,62.71
71.0,90.57
1400.0,1772.31
2004.0,2748.71
1002.0,1755.08
1225.0,1776.92
899.0,898.0
1002.0,1493.33
877.0,883.77
74.0,56.51
440.0,882.47
488.0,295.37
456.0,370.6
540.0,789.07
262.0,340.59
173.0,272.96
729.0,358.11
46.0,64.43
148.0,154.7
120.0,198.76
138.0,129.9
204.0,186.23
301.0,240.11
91.0,110.24
110.0,234.87
383.0,214.99
90.0,130.27
60.0,57.82
57.0,45.46
53.0,69.64
59.0,78.55
93.0,66.03
40.0,46.55
130.0,107.8
279.0,171.31
170.0,138.03
86.0,73.17
47.0,42.43
84.0,44.22
221.0,152.1
36.0,38.12
11.0,47.2
26.0,23.4
32.0,35.97
22.0,34.84
30.0,44.82
15.0,27.54
16.0,17.24
25.0,24.06
45.0,31.37
11.0,24.31
5.0,9.24
24.0,28.03
169.0,182.89
43.0,67.01
103.0,135.75
49.0,54.32
2863.0,2327.33
1901.0,2645.3
1189.0,2116.18
875.0,1093.79
2366.0,1669.17
1601.0,1123.26
765.0,988.91
1032.0,907.19
890.0,804.31
602.0,378.35
202.0,358.64
952.0,557.36
946.0,1139.88
170.0,149.83
421.0,404.47
184.0,160.68
129.0,149.87
101.0,176.13
405.0,433.49
356.0,289.87
118.0,141.58
350.0,333.04
235.0,177.15
48.0,91.19
306.0,130.86
143.0,178.12
89.0,74.02
110.0,134.81
78.0,93.73
162.0,135.49
16.0,50.76
221.0,269.69
481.0,438.63
2153.0,1211.45
109.0,189.46
3095.0,1812.57
125.0,196.54
36.0,52.43
43.0,62.54
29.0,67.99
104.0,65.87
89.0,72.88
32.0,57.91
56.0,68.0
121.0,152.97
44.0,51.78
35.0,216.58
227.0,253.04
114.0,76.76
88.0,132.04
147.0,126.79
116.0,116.35
36.0,39.89
32.0,28.54
17.0,27.97
144.0,142.97
2.0,7.15
2.0,2.4
3.0,4.1
41.0,12.36
7.0,12.47
42.0,55.44
15.0,16.36
9.0,20.451666666666668
23.0,22.59
23.0,36.99
65.0,41.49
27.0,31.78
29.0,24.16
32.0,33.16
272.0,120.38
227.0,250.37
154.0,166.03
241.0,391.86
707.0,507.96
345.0,278.58
436.0,413.56
284.0,414.27
765.0,767.53
239.0,157.64
1010.0,914.09
1183.0,999.77
1286.0,910.31
237.0,252.49
744.0,613.46
988.0,650.32
1429.0,1621.19
303.0,431.99
262.0,294.38
1035.0,751.04
293.0,316.48
230.0,105.81
111.0,205.98
84.0,97.55
297.0,268.61
115.0,174.5
299.0,253.88
84.0,91.85
204.0,202.97
221.0,208.54
238.0,262.43
199.0,143.77
173.0,174.29
184.0,248.06
149.0,170.92
23.0,44.58
27.0,44.31
54.0,67.77
96.0,81.39
314.0,106.94
34.0,47.34
57.0,51.51
41.0,62.13
36.0,50.0
68.0,118.1
61.0,61.76
46.0,27.94
19.0,26.77
46.0,44.27
30.0,27.2
26.0,29.03
22.0,19.3
28.0,34.62
4.0,5.43
10.0,11.68
11.0,8.17
6.0,6.21
5.0,3.85
13.0,10.03
149.0,75.47
38.0,36.57
104.0,103.35
378.0,595.66
60.0,96.15
101.0,193.28
828.0,662.7
489.0,623.92
602.0,720.83
681.0,855.31
841.0,684.15
379.0,392.54
1629.0,586.71
300.0,424.54
287.0,319.48
281.0,373.56
290.0,363.72
1275.0,883.58
287.0,389.04
378.0,277.59
97.0,202.97
533.0,313.87
72.0,83.84
196.0,85.79
36.0,105.33
101.0,117.08
133.0,132.81
55.0,125.21
85.0,110.14
138.0,122.06
308.0,284.51
20.0,29.06
28.0,25.775
22.0,85.59
65.0,60.47
65.0,48.69
51.0,50.93
26.0,82.46
48.0,36.17
57.0,48.34
30.0,29.11
16.0,17.14
20.0,29.53
13.0,15.47
89.0,56.78
64.0,37.0
8.0,13.72
7.0,30.37
7.0,18.36
23.0,21.48
4.0,7.9
15.0,17.49
92.0,55.78
7.0,13.8
140.0,64.63
83.0,104.76
71.0,78.23
705.0,830.55
1940.0,1607.11
127.0,120.78
518.0,632.36
173.0,353.19
538.0,654.27
205.0,298.38
193.0,247.75
343.0,313.32
208.0,298.06
80.0,131.03
1123.0,1297.3
245.0,231.84
237.0,249.89
41.0,43.25
39.0,51.15
117.0,162.11
81.0,102.32
278.0,179.67
263.0,164.63
93.0,80.56
58.0,111.62
132.0,118.08
46.0,50.49
164.0,124.73
182.0,88.79
19.0,58.34
124.0,112.71
73.0,81.72
22.0,27.46
389.0,136.33
40.0,26.87
38.0,55.56
42.0,44.02
28.0,31.37
19.0,17.706666666666667
18.0,13.2
7.0,8.98
48.0,53.39
100.0,152.72
167.0,124.46
149.0,200.05
185.0,123.96
1866.0,3036.92
892.0,759.7
639.0,801.83
222.0,196.87
386.0,507.25
528.0,492.21
206.0,435.22
376.0,338.23
246.0,330.99
122.0,107.76
520.0,247.44
149.0,186.29
156.0,141.88
149.0,371.65
22.0,42.69
68.0,215.64
120.0,97.41
50.0,65.34
79.0,65.44
32.0,30.65
20.0,22.03
19.0,34.6
3.0,4.98
61.0,29.61
10.0,28.91
26.0,28.41
54.0,17.59
25.0,19.41
11.0,9.98
20.0,46.41
2.0,2.9
29.0,28.5
137.0,109.71
27.0,25.33
77.0,60.17
267.0,206.53
1781.0,2315.81
322.0,850.59
1287.0,952.12
261.0,460.72
259.0,496.68
1086.0,329.75
102.0,97.59
182.0,214.49
270.0,579.76
242.0,196.0
397.0,286.87
289.0,201.72
143.0,89.84
124.0,116.58
169.0,227.12
82.0,171.52
38.0,66.71
159.0,98.56
16.0,39.99
49.0,87.96
36.0,61.0
90.0,47.02
14.0,7.25
14.0,17.51
18.0,20.57
2.0,3.64
1.0,2.16
68.0,121.16
171.0,280.87
56.0,73.08
136.0,106.52
193.0,149.83
228.0,350.76
206.0,254.73
338.0,509.43
454.0,548.11
736.0,714.54
842.0,623.13
576.0,825.88
317.0,452.73
293.0,397.32
1487.0,1122.54
1447.0,1321.88
273.0,157.42
9.0,10.17
8.0,15.95
156.0,341.41
951.0,1891.95
88.0,173.81
44.0,46.24
17.0,29.17
36.0,62.19
58.0,73.28
79.0,67.49
50.0,40.67
58.0,49.97
47.0,48.8
38.0,54.66
23.0,45.53
12.0,23.56
3.0,5.92
29.0,27.37
23.0,26.47
13.0,11.63
50.0,31.89
28.0,36.94
30.0,16.99
19.0,22.4
13.0,10.02
22.0,49.25
2.0,2.77
60.0,79.59
8.0,13.26
30.0,27.39
50.0,62.23
123.0,124.0
664.0,1614.74
2471.0,2285.84
1183.0,1013.83
1021.0,668.22
634.0,1251.59
342.0,332.0
120.0,499.9
375.0,387.75
281.0,124.86
144.0,228.09
104.0,138.5
315.0,670.28
299.0,195.63
130.0,287.11
148.0,94.68
75.0,70.25
128.0,129.87
68.0,169.25
19.0,152.3
67.0,68.83
207.0,153.96
192.0,196.69
110.0,137.93
287.0,351.45
18.0,23.66
20.0,37.91
82.0,45.06
28.0,47.5
18.0,32.19
66.0,48.32
67.0,47.22
26.0,41.91
42.0,50.06
51.0,55.66
54.0,53.74
33.0,34.95
13.0,17.41
15.0,23.96
28.0,30.12
23.0,46.57
39.0,32.14
11.0,13.53
19.0,21.76
29.0,23.33
22.0,24.52
13.0,12.92
13.0,30.99
73.0,70.6
14.0,29.75
6.0,13.05
70.0,97.99
44.0,42.73
105.0,106.94
1770.0,1523.07
31.0,52.97
1038.0,724.74
828.0,672.11
916.0,935.0
521.0,649.81
698.0,740.63
763.0,751.39
1036.0,436.64
643.0,440.46
152.0,317.87
150.0,282.68
1954.0,1409.09
437.0,250.16
208.0,146.32
147.0,114.13
255.0,176.93
109.0,139.84
39.0,65.22
55.0,47.94
78.0,118.03
310.0,146.04
84.0,192.73
117.0,177.65
186.0,187.7
43.0,61.15
152.0,141.31
35.0,78.98
26.0,46.71
98.0,141.45
58.0,53.68
41.0,78.07
34.0,28.49
40.0,377.56
12.0,24.94
27.0,31.36
40.0,30.29
26.0,34.03
11.0,13.32
18.0,25.54
31.0,21.5775
27.0,30.43
81.0,14.84
122.0,106.83
42.0,28.4
39.0,56.11
476.0,323.0
102.0,102.71
1395.0,2161.12
1877.0,1212.95
1009.0,908.38
662.0,874.36
302.0,281.12
464.0,600.11
540.0,495.87
477.0,262.34
337.0,587.91
1033.0,1177.82
455.0,483.02
130.0,156.19
115.0,127.02
236.0,332.3
244.0,232.92
342.0,233.76
142.0,244.5
195.0,185.58
120.0,127.18
477.0,479.78
38.0,34.08
54.0,69.92
53.0,49.58
55.0,45.76
22.0,37.99
36.0,56.8
86.0,85.22
39.0,60.87
101.0,65.56
136.0,75.56
80.0,70.31
92.0,65.13
43.0,40.2
209.0,73.01
27.0,51.4
58.0,28.1
31.0,28.15
25.0,37.43
14.0,33.63
38.0,41.49
19.0,29.0
49.0,37.87
30.0,31.77
35.0,44.6
107.0,124.86
20.0,20.44
16.0,17.28
12.0,10.39
4.0,5.1
3.0,7.27
38.0,28.83
118.0,118.52
125.0,134.51
69.0,90.78
1703.0,4293.5
1253.0,1974.48
1399.0,1239.15
429.0,402.0
1894.0,1316.41
839.0,552.53
381.0,428.79
500.0,565.72
582.0,462.53
358.0,542.14
165.0,437.01
315.0,596.92
302.0,238.98
114.0,223.78
1244.0,951.95
196.0,346.91
362.0,305.19
65.0,107.4
190.0,178.03
116.0,273.78
158.0,132.43
107.0,170.55
150.0,183.02
137.0,107.49
184.0,228.66
764.0,416.36
85.0,193.36
272.0,259.04
247.0,238.4
219.0,245.72
53.0,44.81
57.0,27.97
26.0,48.01
45.0,49.58
59.0,38.48
23.0,44.86
27.0,35.08
48.0,33.42
34.0,51.59
6.0,21.7
26.0,30.14
12.0,16.8575
24.0,26.21
19.0,22.45
30.0,46.21
8.0,17.1
10.0,14.86
2.0,2.9
43.0,54.27
19.0,35.58
81.0,98.71
291.0,229.4
38.0,50.55
38.0,46.91
659.0,985.51
1120.0,840.94
307.0,330.24
167.0,218.36
219.0,305.13
457.0,417.14
193.0,260.41
465.0,217.38
396.0,522.71
210.0,154.69
184.0,228.84
204.0,226.24
155.0,124.32
154.0,105.06
52.0,58.6
59.0,54.36
53.0,119.38
337.0,138.66
65.0,64.11
132.0,128.91
40.0,26.93
27.0,35.9
71.0,75.74
35.0,50.43
35.0,54.5
8.0,40.33
38.0,29.53
14.0,27.64
14.0,19.21
4.0,9.91
79.0,136.11
23.0,27.66
242.0,232.1
12.0,25.8
216.0,258.09
150.0,145.09
1002.0,891.25
296.0,504.59
1172.0,931.15
774.0,690.91
146.0,257.45
325.0,323.78
342.0,363.95
205.0,158.85
157.0,203.14
249.0,246.72
121.0,180.6
212.0,226.94
339.0,226.43
64.0,152.12
12.0,12.5
22.0,23.52
24.0,23.35
149.0,200.39
290.0,386.73
419.0,573.04
391.0,516.05
415.0,505.1
253.0,283.2
40.0,41.14
54.0,50.76
79.0,91.56
15.0,21.53
86.0,55.17
28.0,42.21
150.0,113.67
127.0,123.44
98.0,103.14
84.0,188.14
42.0,52.72
49.0,42.99
17.0,46.77
16.0,15.53
64.0,30.51
45.0,35.26
17.0,22.57
17.0,17.87
17.0,43.51
19.0,39.42
17.0,12.98
4.0,8.86
55.0,30.25
19.0,17.32
19.0,17.69
5.0,8.79
126.0,118.18
31.0,44.41
75.0,79.97
334.0,302.17
208.0,147.76
1094.0,1305.81
2405.0,1905.63
1044.0,1526.05
1926.0,1285.36
968.0,854.78
816.0,450.82
208.0,333.48
667.0,501.74
325.0,504.32
550.0,425.18
121.0,213.95
96.0,81.61
316.0,314.89
378.0,367.75
160.0,308.64
347.0,288.0
194.0,144.86
158.0,113.82
49.0,80.95
181.0,266.12
83.0,228.48
156.0,202.77
100.0,91.12
322.0,279.09
164.0,201.62
760.0,359.7
114.0,119.73
80.0,176.81
27.0,38.85
32.0,27.49
25.0,20.37
29.0,27.99
23.0,29.06
49.0,33.36
48.0,41.66
50.0,46.12
67.0,59.8
35.0,43.01
33.0,43.2
100.0,53.52
59.0,50.03
44.0,33.03
33.0,44.38
11.0,25.16
22.0,15.02
50.0,38.01
3.0,92.81
14.0,17.29
94.0,67.47
8.0,7.39
7.0,7.26
4.0,4.2
11.0,12.17
7.0,6.85
18.0,22.23
12.0,9.47
6.0,9.07
11.0,10.95
5.0,14.16
11.0,9.94
20.0,19.21
25.0,27.07
88.0,85.38
43.0,50.24
37.0,48.04
517.0,452.58
389.0,487.74
199.0,255.24
573.0,433.82
267.0,364.36
484.0,401.32
636.0,675.73
1429.0,933.56
1244.0,660.86
714.0,620.15
809.0,754.84
1754.0,1533.98
2344.0,1780.49
1810.0,3698.31
37.0,69.3
128.0,270.3
323.0,428.28
295.0,363.28
341.0,239.93
271.0,246.58
39.0,51.69
208.0,412.62
207.0,90.75
76.0,69.5
171.0,151.18
128.0,113.63
227.0,144.66
89.0,78.71
159.0,160.67
39.0,52.67
168.0,132.32
139.0,132.43
50.0,81.28
273.0,267.83
24.0,59.29
36.0,81.98
36.0,23.2
14.0,30.45
25.0,29.93
32.0,37.13
19.0,21.75
45.0,42.56
35.0,57.61
594.0,414.8
53.0,53.14
165.0,99.19
65.0,63.88
45.0,75.58
260.0,84.11
43.0,17.81
12.0,16.625
5.0,4.11
20.0,13.33
79.0,205.26
76.0,140.57
5.0,5.19
5.0,6.75
13.0,12.94
7.0,6.68
4.0,7.15
6.0,11.81
6.0,7.64
12.0,13.68
12.0,7.17
5.0,7.22
3.0,5.88
9.0,10.48
16.0,19.49
16.0,14.29
3.0,4.05
139.0,114.55
594.0,547.92
54.0,99.73
133.0,308.09
145.0,227.18
504.0,414.43
144.0,141.81
199.0,155.66
192.0,282.52
382.0,432.21
757.0,295.88
238.0,277.72
291.0,399.09
1106.0,965.98
1100.0,1280.46
536.0,631.22
191.0,72.13
1357.0,1290.58
265.0,303.16
206.0,239.97
414.0,620.68
333.0,286.91
209.0,257.82
69.0,70.27
78.0,89.88
242.0,136.51
20.0,34.82
136.0,126.84
77.0,69.89
108.0,61.36
45.0,188.03
4363.0,240.53
58.0,180.15
203.0,144.39
136.0,175.19
137.0,115.9
80.0,113.04
110.0,117.57
385.0,303.76
72.0,65.5
30.0,50.61
33.0,38.83
55.0,49.55
59.0,47.54
81.0,80.55
53.0,81.93
121.0,72.28
119.0,49.39
26.0,33.96
112.0,73.83
45.0,95.26
53.0,38.7
71.0,111.44
27.0,29.72
10.0,32.78
12.0,15.94
49.0,34.01
171.0,141.22
9.0,18.27
32.0,18.38
6.0,11.52
26.0,19.96
12.0,20.47
50.0,35.28
6.0,14.15
14.0,22.92
32.0,44.71
25.0,32.38
36.0,43.57
16.0,25.66
190.0,133.42
32.0,25.62
67.0,80.39
91.0,157.07
78.0,169.47
245.0,120.54
357.0,243.69
371.0,221.41
485.0,309.53
305.0,433.89
353.0,372.62
61.0,125.95
309.0,250.53
177.0,199.79
647.0,698.8
977.0,604.02
291.0,252.9
1320.0,986.33
62.0,47.11
406.0,312.01
110.0,163.16
757.0,574.04
363.0,172.2
67.0,136.23
84.0,214.25
147.0,87.11
61.0,60.99
102.0,76.01
122.0,125.38
91.0,149.73
129.0,121.13
101.0,113.52
181.0,235.95
94.0,88.19
108.0,75.31
118.0,109.49
90.0,118.61
185.0,172.17
22.0,35.87
38.0,48.67
14.0,27.98
64.0,103.8
33.0,69.23
45.0,56.99
65.0,60.87
63.0,81.36
62.0,83.12
67.0,103.92
122.0,128.81
44.0,39.87
65.0,25.98
6.0,18.89
35.0,36.76
22.0,23.13
20.0,37.67
37.0,28.03
6.0,17.33
6.0,6.32
6.0,7.79
9.0,7.37
9.0,15.993333333333332
17.0,18.29
7.0,9.82
2.0,3.34
239.0,117.94
12.0,15.63
56.0,84.76
21.0,23.21
73.0,86.8
41.0,113.0
470.0,695.39
619.0,1214.71
755.0,858.76
1683.0,731.78
744.0,658.4
565.0,733.57
374.0,649.93
428.0,713.39
557.0,731.51
828.0,726.12
255.0,504.2
506.0,434.72
128.0,179.71
1162.0,1038.91
100.0,121.43
674.0,509.66
77.0,156.64
84.0,114.48
129.0,222.6
191.0,108.9
265.0,864.71
110.0,166.75
247.0,264.13
476.0,268.2
203.0,105.32
330.0,222.4
753.0,627.89
181.0,126.89
26.0,46.66
5.0,12.95
16.0,30.07
18.0,21.42
16.0,25.36
29.0,42.06
19.0,38.1
134.0,68.2
110.0,153.53
172.0,120.78
201.0,236.54
108.0,61.93
546.0,477.2
343.0,329.31
876.0,724.05
1811.0,1239.03
98.0,58.95
7.0,8.18
6.0,7.27
11.0,26.51
11.0,13.4
19.0,40.9
16.0,41.8
26.0,42.14
460.0,381.49
280.0,115.09
60.0,87.06
88.0,182.11
118.0,138.58
579.0,934.42
1142.0,1004.23
23.0,45.49
52.0,47.04
38.0,54.5
52.0,73.17
34.0,28.79
15.0,31.24
27.0,47.85
250.0,85.53
55.0,91.07
24.0,50.65
73.0,55.21
35.0,51.44
44.0,47.66
50.0,34.9
86.0,75.51
90.0,215.42
38.0,42.99
50.0,33.62
22.0,33.43
61.0,38.31
27.0,38.25
18.0,29.94
77.0,104.97
84.0,63.23
2.0,8.9
8.0,9.36
7.0,7.12
33.0,15.22
10.0,11.18
10.0,8.52
21.0,26.26
18.0,15.18
14.0,18.16
18.0,100.7
15.0,17.31
11.0,21.12
168.0,54.33
17.0,28.9
43.0,42.34
26.0,33.03
12.0,9.32
60.0,146.9
14.0,37.54
85.0,77.52
180.0,169.87
87.0,288.4
544.0,312.93
516.0,627.28
120.0,226.26
446.0,760.62
624.0,636.5
327.0,343.92
277.0,340.99
382.0,491.14
806.0,932.25
399.0,653.29
742.0,778.41
394.0,702.61
1523.0,1509.0
1063.0,893.57
1498.0,906.17
935.0,1166.76
1580.0,1010.57
332.0,442.44
1052.0,1089.3
458.0,407.52
194.0,194.98
125.0,116.17
45.0,67.77
85.0,147.8
146.0,182.81
91.0,122.5
57.0,59.35
59.0,109.1
268.0,139.88
267.0,135.3
74.0,85.11
188.0,363.26
342.0,247.52
380.0,284.18
619.0,249.6
163.0,344.5
164.0,282.16
96.0,95.99
461.0,417.64
36.0,57.28
61.0,49.81
59.0,39.26
19.0,44.33
169.0,76.05
55.0,36.43
49.0,66.92
24.0,52.22
73.0,85.64
56.0,61.6
116.0,93.96
134.0,95.82
32.0,52.13
95.0,113.45
53.0,48.41
46.0,46.99
18.0,25.35
34.0,44.11
163.0,117.21
25.0,14.77
8.0,4.29
7.0,7.35
16.0,13.66
23.0,17.09
96.0,98.78
9.0,17.61
17.0,34.03
27.0,42.13
14.0,27.79
10.0,22.44
49.0,39.52
27.0,28.15
22.0,21.5
147.0,87.43
137.0,128.04
100.0,139.64
242.0,377.92
863.0,579.57
359.0,585.0
391.0,661.42
721.0,318.97
520.0,637.59
648.0,488.11
841.0,758.15
627.0,1124.6
765.0,821.61
559.0,564.85
2295.0,1920.62
1434.0,1802.63
158.0,137.18
1215.0,1014.92
826.0,267.86
583.0,740.19
158.0,157.22
846.0,523.1
93.0,157.99
127.0,180.95
147.0,151.95
62.0,73.26
159.0,179.09
214.0,94.56
78.0,114.78
156.0,84.25
264.0,277.72
195.0,304.76
336.0,271.7
138.0,102.3
109.0,193.96
170.0,283.15
13.0,20.56
30.0,19.3
51.0,40.75
16.0,37.01
31.0,34.17
43.0,46.93
30.0,41.48
49.0,79.64
55.0,45.79
28.0,46.42
37.0,89.26
22.0,49.08
42.0,61.61
41.0,88.51
40.0,64.65
65.0,59.36
48.0,48.17
46.0,67.06
90.0,41.7
37.0,37.67
66.0,58.55
41.0,29.63
96.0,95.38
103.0,16.06
74.0,69.82
280.0,256.98
5.0,5.28
15.0,41.02
40.0,27.15
17.0,13.51
11.0,15.01
21.0,8.32
196.0,78.78
12.0,18.31
147.0,66.7
10.0,17.65
16.0,17.29
8.0,17.21
14.0,24.265
16.0,24.89
32.0,31.26
24.0,20.58
37.0,137.42
19.0,32.24
23.0,30.26
27.0,18.58
41.0,98.95
1429.0,566.39
60.0,65.18
323.0,323.1
226.0,210.95
277.0,435.59
186.0,202.0
140.0,269.66
1348.0,401.9
113.0,208.7
347.0,426.68
686.0,515.41
488.0,546.35
172.0,315.7
352.0,558.87
712.0,722.41
76.0,116.63
381.0,472.28
449.0,310.19
514.0,620.41
447.0,845.66
493.0,1215.44
1288.0,878.64
421.0,553.49
331.0,394.44
942.0,707.0
57.0,114.71
77.0,140.94
57.0,84.28
49.0,60.99
89.0,183.77
221.0,128.15
144.0,117.96
87.0,115.18
106.0,137.79
176.0,134.54
173.0,233.84
54.0,68.74
49.0,60.44
258.0,118.73
112.0,219.11
229.0,278.49
133.0,235.11
87.0,395.02
201.0,220.8
122.0,170.44
130.0,140.07
128.0,124.03
50.0,41.66
23.0,42.6
58.0,106.66
55.0,69.22
46.0,57.69
26.0,49.84
38.0,32.5
16.0,31.66
102.0,30.52
53.0,55.88
124.0,74.31
23.0,46.39
22.0,41.31
88.0,54.72
48.0,44.61
63.0,49.7
6.0,7.46
24.0,23.84
40.0,97.19
5.0,4.88
5.0,6.41
126.0,164.84
5.0,5.96
4.0,15.35
46.0,25.27
10.0,17.23
7.0,9.74
9.0,9.42
12.0,19.48
18.0,23.15
23.0,18.33
18.0,20.65
2.0,8.09
97.0,91.95
378.0,417.73
103.0,66.46
95.0,71.39
727.0,887.34
1227.0,1225.64
216.0,773.67
1218.0,1026.74
209.0,428.34
479.0,486.74
281.0,308.59
291.0,546.56
257.0,157.36
155.0,240.34
386.0,309.84
603.0,480.26
459.0,270.48
123.0,153.04
925.0,935.38
242.0,243.13
154.0,86.42
61.0,75.46
142.0,143.65
230.0,117.81
78.0,124.3
152.0,138.31
124.0,122.74
174.0,404.54
53.0,137.0
176.0,169.09
208.0,194.96
50.0,118.78
68.0,253.9
99.0,159.0
112.0,123.9
12.0,22.02
64.0,45.96
68.0,54.79
34.0,47.16
49.0,38.94
43.0,42.67
43.0,56.77
62.0,78.93
75.0,70.73
102.0,116.04
47.0,67.71
17.0,36.82
67.0,91.82
76.0,61.26
17.0,46.53
27.0,22.36
54.0,45.17
41.0,65.18
16.0,21.77
19.0,22.26
9.0,11.71
13.0,17.4425
10.0,29.79
19.0,17.86
9.0,14.12
6.0,12.66
15.0,15.89
11.0,10.2
16.0,36.82
4.0,14.33
22.0,25.3
43.0,54.14
144.0,102.37
72.0,143.97
170.0,114.4
2571.0,706.74
514.0,830.39
229.0,380.04
685.0,765.54
1072.0,599.41
453.0,760.91
190.0,283.2
330.0,477.38
377.0,325.49
124.0,351.97
95.0,193.99
304.0,385.85
167.0,380.3
400.0,1076.33
858.0,597.48
448.0,551.06
109.0,184.55
101.0,159.27
64.0,76.18
127.0,114.74
64.0,122.27
91.0,133.74
119.0,114.6
199.0,188.88
170.0,237.98
89.0,132.63
65.0,96.58
131.0,244.96
182.0,285.23
519.0,354.59
256.0,140.08
31.0,39.83
85.0,47.76
125.0,105.95
67.0,85.72
45.0,65.38
12.0,22.69
50.0,42.49
44.0,38.55
7.0,11.1
50.0,48.53
11.0,22.31
20.0,20.53
17.0,14.61
10.0,17.44
13.0,7.64
14.0,17.44
91.0,93.67
20.0,30.75
137.0,103.49
36.0,73.84
48.0,111.51
108.0,145.82
2292.0,2368.6
569.0,640.08
667.0,979.18
470.0,325.44
186.0,215.91
160.0,288.87
165.0,137.16
410.0,288.32
221.0,351.02
59.0,170.79
92.0,162.56
49.0,80.12
249.0,124.46
132.0,163.27
182.0,180.48
154.0,189.14
48.0,69.42
291.0,348.59
186.0,200.47
31.0,36.71
395.0,289.75
423.0,742.05
250.0,397.76
98.0,207.83
4.0,3.94
34.0,23.62
68.0,52.49
24.0,69.43
30.0,45.13
77.0,71.09
78.0,113.01
49.0,52.98
19.0,36.18
44.0,37.5
69.0,64.21
54.0,70.5
25.0,33.92
120.0,59.84
30.0,28.59
12.0,19.05
18.0,37.47
31.0,41.55
24.0,33.61
29.0,29.71
12.0,14.39
34.0,33.62
20.0,15.5
6.0,14.25
19.0,18.57
31.0,26.76
30.0,15.21
17.0,15.26
3.0,5.78
143.0,76.85
44.0,37.49
48.0,134.18
240.0,194.3
91.0,115.97
83.0,125.11
2293.0,2611.77
3139.0,2492.68
1437.0,1171.54
2240.0,1234.45
2191.0,1105.69
427.0,344.61
527.0,505.09
698.0,631.11
298.0,255.65
393.0,529.96
103.0,147.22
92.0,151.55
188.0,122.65
561.0,602.68
97.0,91.32
188.0,163.52
85.0,77.23
121.0,110.23
112.0,123.86
79.0,114.53
101.0,128.56
204.0,170.81
192.0,53.37
78.0,120.26
64.0,134.89
58.0,79.84
146.0,128.46
45.0,53.79
176.0,187.86
83.0,39.17
24.0,49.49
21.0,30.12
72.0,68.22
37.0,44.95
65.0,44.44
84.0,144.33
66.0,78.41
25.0,31.22
61.0,53.91
51.0,74.06
58.0,35.06
47.0,39.65
181.0,77.62
50.0,30.19
44.0,57.65
48.0,37.15
13.0,7.87
38.0,44.38
19.0,13.82
11.0,12.53
51.0,45.42
6.0,5.38
14.0,10.83
14.0,13.05
19.0,20.03
17.0,39.88
192.0,55.15
19.0,31.49
14.0,22.0325
22.0,28.86
43.0,41.35
118.0,47.73
19.0,27.79
37.0,35.8
12.0,15.28
52.0,53.55
37.0,29.36
121.0,70.82
335.0,486.61
462.0,477.28
381.0,519.86
192.0,353.33
227.0,604.07
216.0,267.43
350.0,501.41
480.0,259.81
449.0,424.28
1860.0,1096.51
1134.0,1429.61
1303.0,628.14
799.0,903.12
1213.0,1770.22
1239.0,1368.54
46.0,91.81
2115.0,1104.8
462.0,315.0
2384.0,2079.26
146.0,84.52
89.0,150.44
58.0,81.61
53.0,97.89
53.0,75.03
104.0,109.25
43.0,50.18
70.0,107.79
57.0,92.17
60.0,77.16
134.0,180.7
256.0,110.67
105.0,210.78
460.0,253.98
327.0,219.86
110.0,85.24
302.0,198.36
91.0,104.11
3.0,3.68
104.0,82.45
71.0,54.5
23.0,35.0
100.0,30.97
25.0,30.34
28.0,48.81
46.0,53.65
43.0,64.9
40.0,44.98
60.0,62.08
30.0,37.69
13.0,27.19
76.0,88.42
90.0,61.18
65.0,52.55
71.0,58.99
125.0,110.08
76.0,108.4
79.0,68.5
35.0,48.78
45.0,73.94
80.0,108.47
24.0,29.99
44.0,60.48
130.0,110.25
122.0,108.43
144.0,98.07
49.0,43.02
65.0,52.8
25.0,19.95
17.0,16.75
33.0,31.69
73.0,90.78
23.0,16.34
3.0,3.09
17.0,7.37
7.0,7.28
2.0,4.52
5.0,7.92
24.0,14.09
18.0,15.71
85.0,76.9
6.0,6.94
12.0,16.69
58.0,91.49
127.0,12.52
6.0,13.32
11.0,18.28
8.0,13.51
59.0,52.56
31.0,38.16
9.0,18.02
14.0,19.43
12.0,16.02
14.0,28.42
32.0,40.46
30.0,30.91
14.0,24.44
27.0,17.11
26.0,22.465
18.0,19.67
26.0,18.9375
14.0,15.67
39.0,25.61
117.0,108.34
13.0,23.68
51.0,82.81
248.0,262.6
474.0,357.98
340.0,313.23
530.0,322.68
133.0,142.84
538.0,378.98
351.0,276.89
155.0,147.6
180.0,437.24
1950.0,630.86
533.0,608.78
572.0,720.31
963.0,562.54
619.0,665.31
305.0,361.13
1032.0,668.86
1106.0,1075.91
864.0,1035.15
523.0,357.16
608.0,516.19
835.0,858.67
371.0,578.45
458.0,590.51
540.0,738.86
590.0,893.59
587.0,633.05
1467.0,1320.51
1560.0,1111.34
3405.0,4052.09
133.0,108.77
1020.0,953.68
677.0,287.74
530.0,398.71
124.0,229.45
98.0,176.13
101.0,116.53
136.0,143.75
51.0,45.42
101.0,61.79
122.0,138.86
77.0,115.09
48.0,72.08
104.0,93.63
91.0,99.1
133.0,89.7
50.0,46.27
96.0,128.99
95.0,88.3
175.0,121.39
161.0,144.58
102.0,172.65
222.0,153.21
44.0,79.54
346.0,237.34
268.0,300.5
193.0,181.69
245.0,206.35
118.0,54.78
268.0,211.33
146.0,83.7
57.0,68.15
139.0,170.96
226.0,161.35
326.0,247.08
130.0,182.08
302.0,270.19
56.0,89.08
39.0,89.15
96.0,100.28
46.0,57.43
31.0,41.42
27.0,30.2
30.0,47.61
13.0,19.48
34.0,38.65
38.0,37.23
38.0,61.27
15.0,20.295
18.0,26.03
42.0,35.94
25.0,23.49
21.0,24.07
17.0,30.35
10.0,9.38
12.0,13.77
27.0,30.51
6.0,7.02
65.0,60.06
27.0,39.7
28.0,27.19
69.0,58.47
58.0,22.65
275.0,117.13
40.0,73.44
1169.0,938.24
918.0,1382.94
1361.0,900.21
263.0,465.41
274.0,421.56
801.0,761.78
623.0,587.69
225.0,366.78
494.0,377.06
413.0,353.83
342.0,624.34
522.0,403.37
459.0,335.12
341.0,374.3
875.0,158.52
492.0,255.53
774.0,268.45
284.0,360.77
159.0,326.8
137.0,202.04
74.0,83.08
175.0,270.72
147.0,187.06
50.0,31.28
27.0,21.1
35.0,36.47
45.0,48.87
73.0,111.45
65.0,54.28
165.0,61.77
106.0,65.02
14.0,28.37
24.0,28.5
24.0,24.9
2.0,4.26
25.0,16.235
17.0,16.0
8.0,10.08
11.0,7.77
10.0,14.83
7.0,7.93
10.0,8.03
12.0,7.02
7.0,3.39
3.0,2.36
97.0,63.29
0.0,5.42
16.0,20.61
84.0,103.92
19.0,25.52
98.0,74.54
39.0,72.29
2063.0,3438.29
1597.0,1802.72
968.0,833.32
1094.0,1113.94
460.0,445.62
379.0,404.64
457.0,682.0
412.0,425.42
339.0,284.58
249.0,231.94
464.0,466.91
760.0,951.19
237.0,292.37
137.0,150.14
103.0,75.16
110.0,129.84
129.0,182.9
89.0,113.51
119.0,133.42
146.0,161.84
154.0,152.22
103.0,254.26
122.0,320.9
83.0,139.94
154.0,143.15
114.0,74.49
42.0,61.5
54.0,79.37
135.0,89.92
31.0,49.77
22.0,37.46
43.0,39.96
27.0,25.51
14.0,20.79
29.0,28.63
20.0,31.56
32.0,47.36
4.0,13.09
5.0,14.08
10.0,12.36
25.0,38.29
51.0,42.9
76.0,64.17
504.0,386.17
98.0,138.42
657.0,938.85
859.0,959.32
598.0,836.81
879.0,1147.36
167.0,355.78
98.0,117.42
429.0,258.61
227.0,146.52
240.0,239.52
127.0,152.17
143.0,245.85
92.0,76.1
150.0,186.75
68.0,118.14
76.0,128.79
84.0,150.69
21.0,28.34
6.0,12.34
18.0,22.44
41.0,16.81
82.0,129.08
215.0,141.8
222.0,155.09
101.0,164.44
448.0,421.81
65.0,75.36
21.0,32.4
40.0,19.79
14.0,16.45
23.0,28.58
29.0,33.04
22.0,29.17
26.0,34.17
50.0,45.59
46.0,48.09
41.0,55.72
33.0,23.84
20.0,14.81
78.0,50.99
44.0,50.59
58.0,61.28
31.0,71.6
51.0,53.4
88.0,76.79
27.0,20.91
31.0,28.05
19.0,41.82
28.0,28.6
6.0,8.44
19.0,9.9
5.0,9.02
5.0,6.99
11.0,11.99
10.0,4.76
9.0,10.62
3.0,4.98
14.0,14.25
3.0,11.13
20.0,14.0
8.0,17.64
10.0,12.16
15.0,14.17
15.0,19.23
16.0,17.83
13.0,9.7
38.0,41.72
7.0,8.3
104.0,95.17
42.0,47.8
56.0,70.36
307.0,321.44
156.0,162.8
325.0,166.95
320.0,391.99
204.0,271.81
67.0,65.49
492.0,623.42
488.0,627.48
373.0,617.5
418.0,727.37
456.0,497.45
494.0,468.47
807.0,1134.55
823.0,782.39
992.0,945.01
1180.0,1636.55
1137.0,1797.23
2615.0,2296.36
827.0,1356.59
147.0,246.03
179.0,127.43
717.0,633.65
93.0,236.79
22.0,47.62
133.0,195.76
71.0,72.42
73.0,91.09
68.0,75.43
85.0,135.35
122.0,110.51
53.0,73.24
83.0,95.82
140.0,89.64
148.0,165.78
45.0,53.32
85.0,190.3
190.0,277.94
61.0,82.04
152.0,136.17
109.0,108.11
85.0,95.57
114.0,56.18
28.0,31.22
12.0,18.24
48.0,51.09
18.0,21.67
35.0,43.62
29.0,45.85
41.0,53.47
134.0,71.52
59.0,110.36
24.0,61.08
98.0,86.7
38.0,45.93
71.0,86.67
45.0,136.21
99.0,180.83
82.0,92.46
39.0,57.48
22.0,48.99
9.0,28.08
474.0,377.26
13.0,19.41
34.0,49.67
175.0,53.14
29.0,42.29
78.0,49.05
15.0,8.63
10.0,13.45
10.0,11.14
28.0,15.27
33.0,34.06
25.0,30.18
16.0,14.46
30.0,20.15
11.0,10.8
10.0,18.3
21.0,16.92
24.0,21.6
25.0,18.35
41.0,43.23
139.0,91.42
1236.0,1133.68
244.0,246.47
482.0,521.77
547.0,415.06
1733.0,514.26
148.0,226.52
273.0,321.64
168.0,177.2
379.0,585.03
99.0,104.95
869.0,948.5
183.0,412.07
528.0,860.05
403.0,951.59
605.0,402.12
3873.0,2303.65
3046.0,2318.86
5487.0,6237.93
475.0,787.66
249.0,292.3
824.0,620.18
387.0,293.41
121.0,143.09
73.0,152.16
256.0,257.73
41.0,94.24
165.0,261.93
253.0,231.62
91.0,187.11
302.0,222.08
95.0,257.48
68.0,158.22
147.0,131.84
127.0,161.88
219.0,270.41
263.0,148.38
221.0,334.58
203.0,281.83
248.0,663.71
165.0,249.99
27.0,27.33
54.0,46.33
34.0,59.18
40.0,46.98
44.0,45.89
18.0,33.33
35.0,43.61
22.0,28.965
17.0,32.43
81.0,69.25
97.0,61.08
72.0,76.03
69.0,87.1
66.0,105.48
15.0,38.58
76.0,57.35
33.0,37.07
24.0,36.13
61.0,84.08
36.0,34.24
96.0,120.6
10.0,45.83
11.0,8.47
3.0,6.52
12.0,10.55
24.0,14.22
6.0,8.92
19.0,23.27
18.0,25.23
19.0,15.17
12.0,65.68
22.0,26.3
25.0,26.57
22.0,23.15
28.0,35.69
15.0,17.5
17.0,23.44
33.0,26.93
133.0,56.14
125.0,135.88
98.0,118.62
99.0,151.73
176.0,235.25
59.0,90.11
229.0,276.84
173.0,236.16
342.0,303.99
386.0,373.59
106.0,100.04
571.0,374.25
294.0,333.45
556.0,414.45
277.0,304.2
1632.0,609.66
369.0,438.28
371.0,567.88
122.0,135.61
550.0,400.58
286.0,250.88
1335.0,1284.57
183.0,136.92
70.0,92.6
104.0,130.78
248.0,166.89
67.0,59.57
41.0,76.78
1564.0,2042.27
48.0,97.66
120.0,144.2
106.0,98.03
277.0,134.47
103.0,180.21
48.0,78.11
55.0,136.85
159.0,141.44
124.0,75.77
316.0,226.8
57.0,127.25
38.0,50.62
46.0,44.22
71.0,50.56
144.0,62.8
51.0,34.93
23.0,61.13
78.0,73.33
51.0,68.5
133.0,78.18
75.0,72.65
30.0,32.85
89.0,124.62
68.0,91.58
42.0,39.83
57.0,67.49
32.0,45.8
21.0,39.06
33.0,35.83
6.0,5.51
117.0,87.94
123.0,39.51
5.0,4.69
7.0,8.37
11.0,11.63
4.0,9.3
14.0,18.37
17.0,13.36
29.0,21.12
17.0,16.37
31.0,33.75
60.0,62.34
43.0,33.84
29.0,21.08
96.0,41.24
205.0,158.49
29.0,48.48
221.0,157.75
297.0,421.12
781.0,680.69
484.0,670.05
339.0,1047.78
649.0,663.88
342.0,301.63
257.0,381.68
423.0,517.01
1133.0,917.1
401.0,518.01
916.0,737.0
3201.0,1257.95
871.0,788.44
2748.0,2186.79
50.0,71.39
339.0,608.95
379.0,396.48
1938.0,1087.26
235.0,291.65
138.0,192.56
99.0,150.78
95.0,97.67
253.0,179.5
148.0,153.99
252.0,218.61
121.0,169.68
216.0,156.19
159.0,85.44
378.0,209.69
311.0,303.91
364.0,209.76
97.0,155.65
265.0,221.23
241.0,270.24
217.0,272.92
70.0,60.62
93.0,139.63
44.0,61.73
40.0,53.9
28.0,62.01
48.0,73.28
61.0,51.43
15.0,67.77
78.0,93.98
84.0,126.5
85.0,99.63
102.0,67.68
57.0,46.46
34.0,31.66
23.0,38.43
11.0,15.09
24.0,48.86
59.0,73.67
17.0,15.31
5.0,12.25
24.0,27.04
15.0,18.85
14.0,14.73
14.0,13.88
16.0,35.17
48.0,18.11
21.0,12.28
12.0,19.83
32.0,31.85
33.0,40.78
34.0,30.78
30.0,30.01
1107.0,258.99
123.0,116.39
358.0,218.64
101.0,108.38
65.0,113.7
585.0,553.21
561.0,565.07
546.0,597.19
198.0,332.99
268.0,418.15
274.0,365.03
171.0,478.97
968.0,902.55
544.0,870.28
2098.0,1587.78
1447.0,1100.22
1314.0,1084.22
816.0,1073.75
619.0,742.49
217.0,289.73
526.0,468.38
432.0,306.48
148.0,154.57
69.0,109.22
201.0,147.72
99.0,62.78
714.0,343.27
76.0,142.12
185.0,242.31
115.0,160.28
319.0,238.86
240.0,244.46
147.0,209.31
187.0,199.87
273.0,343.62
326.0,238.27
190.0,263.16
14.0,16.14
28.0,25.12
41.0,57.65
16.0,38.69
50.0,54.67
12.0,36.25
70.0,124.8
18.0,16.06
23.0,17.49
20.0,41.53
21.0,16.85
16.0,24.72
75.0,107.59
19.0,23.56
23.0,62.25
999.0,1166.06
192.0,285.66
249.0,300.83
49.0,51.67
857.0,2250.89
126.0,200.11
326.0,549.37
879.0,362.62
206.0,392.08
53.0,77.04
1287.0,575.34
199.0,626.61
831.0,697.05
240.0,582.91
67.0,133.19
61.0,34.41
31.0,35.04
612.0,520.2
187.0,347.94
1392.0,787.71
88.0,60.19
33.0,90.26
28.0,33.89
10.0,28.2
21.0,25.76
80.0,41.6
40.0,31.68
21.0,24.98
40.0,44.95
35.0,38.29
59.0,76.71
78.0,70.5
55.0,57.85
31.0,29.83
39.0,51.76
52.0,71.18
40.0,33.41
28.0,77.11
61.0,69.61
41.0,44.66
17.0,25.53
102.0,122.5
86.0,76.16
51.0,48.52
20.0,29.08
60.0,447.25
3.0,4.09
5.0,5.19
11.0,12.27
12.0,12.78
76.0,92.65
12.0,19.16
8.0,8.23
13.0,21.23
22.0,23.81
134.0,43.34
27.0,23.19
16.0,18.66
37.0,23.02
33.0,29.05
83.0,124.58
17.0,32.48
31.0,28.85
15.0,27.58
12.0,14.64
30.0,14.56
25.0,21.31
11.0,13.86
42.0,32.07
129.0,82.4
55.0,39.08
44.0,40.45
293.0,205.23
363.0,362.24
172.0,302.34
465.0,406.17
131.0,143.13
423.0,286.45
421.0,583.51
781.0,576.78
385.0,704.49
536.0,629.24
246.0,260.68
293.0,319.77
1228.0,1081.79
469.0,565.95
410.0,385.68
518.0,444.34
515.0,685.08
307.0,649.88
1008.0,1261.5
1961.0,1028.73
896.0,1930.56
82.0,41.48
1296.0,494.47
141.0,284.57
635.0,571.93
216.0,366.34
110.0,154.34
95.0,131.21
55.0,57.28
182.0,253.12
148.0,155.84
153.0,165.93
84.0,114.46
195.0,196.98
140.0,232.38
45.0,67.08
64.0,63.99
50.0,70.06
143.0,175.52
63.0,83.28
62.0,261.69
59.0,138.96
639.0,521.57
106.0,94.1
95.0,225.92
286.0,208.24
100.0,120.81
313.0,177.41
59.0,43.93
76.0,72.46
114.0,113.72
31.0,53.03
20.0,36.61
122.0,74.71
17.0,16.74
13.0,43.14
14.0,20.16
5.0,7.72
12.0,21.76
9.0,14.9
22.0,17.2
22.0,18.23
8.0,11.14
54.0,26.19
20.0,35.75
66.0,84.09
1002.0,450.57
119.0,124.91
84.0,109.05
1045.0,1583.62
628.0,1348.96
1085.0,1194.38
569.0,487.8
436.0,580.95
283.0,508.08
148.0,222.19
294.0,350.37
771.0,180.15
205.0,198.37
153.0,189.54
174.0,134.4
249.0,233.31
249.0,191.51
122.0,120.55
156.0,184.65
51.0,39.64
45.0,76.9
51.0,54.01
21.0,42.67
54.0,43.93
57.0,43.62
34.0,42.59
27.0,37.56
444.0,36.46
30.0,35.29
27.0,26.56
35.0,26.37
10.0,17.57
35.0,19.49
6.0,6.07
9.0,7.08
170.0,47.56
26.0,40.76
102.0,88.54
9.0,8.56
101.0,86.22
64.0,104.95
2550.0,1848.51
1838.0,1076.44
734.0,816.08
907.0,916.57
757.0,535.45
155.0,149.92
300.0,352.39
162.0,271.76
661.0,694.48
304.0,245.01
144.0,197.03
198.0,146.04
80.0,87.21
223.0,137.11
97.0,76.01
89.0,131.7
261.0,248.6
140.0,146.09
15.0,34.35
62.0,79.65
38.0,48.46
25.0,38.6
43.0,41.31
9.0,15.06
22.0,35.55
20.0,46.46
22.0,33.39
89.0,39.89
44.0,47.11
17.0,26.33
13.0,33.16
13.0,12.39
5.0,8.41
6.0,4.84
9.0,10.9
6.0,7.69
61.0,58.17
45.0,39.4
68.0,78.91
46.0,47.73
113.0,110.03
79.0,74.22
993.0,969.44
854.0,1417.39
1294.0,1259.53
673.0,619.69
253.0,400.32
434.0,630.03
436.0,377.2
276.0,362.04
399.0,497.37
657.0,896.95
279.0,274.7
202.0,234.67
164.0,103.74
147.0,213.13
148.0,124.13
179.0,143.94
141.0,115.74
120.0,123.57
111.0,157.99
116.0,65.23
45.0,67.07
10.0,15.81
43.0,50.83
31.0,46.88
50.0,50.3
88.0,116.83
17.0,43.05
49.0,71.18
84.0,87.04
91.0,113.63
67.0,48.28
116.0,55.68
41.0,44.45
25.0,16.79
24.0,46.3
33.0,23.62
68.0,17.13
7.0,12.9
8.0,71.22
19.0,11.86
29.0,24.4
47.0,32.3
27.0,23.45
24.0,25.58
10.0,9.92
9.0,7.76
74.0,108.26
34.0,36.15
43.0,51.25
259.0,247.9
143.0,112.13
95.0,76.04
2395.0,1620.78
1688.0,1461.49
3417.0,2900.62
502.0,1065.13
1301.0,1225.32
546.0,1171.57
529.0,786.14
212.0,441.21
334.0,471.32
288.0,466.02
597.0,381.61
489.0,481.45
1066.0,1178.03
152.0,226.27
133.0,249.81
34.0,64.5
145.0,110.94
60.0,78.06
56.0,61.97
129.0,220.2
168.0,186.23
217.0,251.36
215.0,228.26
209.0,521.51
102.0,124.08
322.0,517.62
274.0,163.91
44.0,51.93
23.0,32.78
30.0,55.63
37.0,26.26
6.0,12.05
9.0,29.14
8.0,12.12
12.0,16.93
19.0,29.06
22.0,12.703333333333335
9.0,8.72
13.0,18.79
15.0,15.28
90.0,66.93
1945.0,2037.33
95.0,75.07
1464.0,1394.4
1937.0,1808.32
1167.0,1428.23
114.0,105.97
523.0,1024.62
715.0,423.18
144.0,181.39
402.0,326.83
585.0,269.82
133.0,174.88
159.0,142.88
583.0,744.96
16.0,13.4
7.0,6.6
6.0,11.44
11.0,11.33
32.0,25.55
332.0,209.52
28.0,49.48
110.0,120.9
80.0,130.12
31.0,33.71
59.0,53.25
37.0,32.23
24.0,33.58
32.0,32.69
20.0,29.71
51.0,37.48
23.0,37.16
12.0,23.93
19.0,19.4
16.0,23.41
31.0,29.83
41.0,25.32
16.0,15.96
17.0,14.6
22.0,27.51
9.0,11.12
9.0,9.790000000000001
3.0,3.09
61.0,23.41
70.0,65.67
42.0,56.12
142.0,39.62
1027.0,1343.47
1164.0,959.82
823.0,893.56
239.0,324.6
733.0,582.91
51.0,67.78
262.0,362.88
577.0,392.73
131.0,255.86
373.0,542.01
449.0,283.85
165.0,167.05
122.0,128.44
150.0,165.29
369.0,190.77
42.0,42.861999999999995
122.0,143.52
50.0,50.53
170.0,228.74
57.0,19.32
17.0,35.75
30.0,66.75
67.0,54.92
20.0,45.06
39.0,30.15
13.0,53.79
87.0,118.68
23.0,26.71
16.0,12.91
17.0,79.02
11.0,10.23
6.0,9.0
18.0,13.5
33.0,49.34
23.0,27.2
113.0,68.51
164.0,214.2
39.0,61.52
528.0,383.93
410.0,815.81
285.0,203.95
339.0,491.81
399.0,438.37
55.0,52.6
684.0,980.74
298.0,168.78
110.0,189.81
100.0,85.96
252.0,181.16
243.0,223.1
59.0,70.19
243.0,345.28
29.0,47.98
19.0,32.97
44.0,40.56
40.0,67.74
53.0,45.18
87.0,54.88
20.0,41.04
19.0,39.27
18.0,24.74
154.0,60.62
82.0,90.73
23.0,27.2
50.0,73.77
15.0,30.5
11.0,15.64
23.0,26.22
24.0,20.18
18.0,21.745
40.0,32.96
25.0,16.44
52.0,46.08
13.0,24.29
22.0,29.87
13.0,14.32
16.0,13.75
10.0,11.69
8.0,9.35
8.0,8.9
9.0,12.78
86.0,71.32
43.0,51.3
84.0,132.22
2910.0,3289.56
2195.0,3416.86
57.0,46.33
526.0,591.13
786.0,732.69
2617.0,350.6
414.0,534.73
146.0,314.83
508.0,653.25
314.0,356.09
234.0,374.21
75.0,257.57
175.0,208.9
178.0,206.71
500.0,673.29
263.0,278.88
163.0,207.61
21.0,42.47
49.0,94.58
30.0,49.44
91.0,79.82
31.0,53.06
32.0,69.23
78.0,68.6
818.0,398.17
95.0,184.27
198.0,176.09
370.0,213.23
142.0,118.17
103.0,76.5
36.0,58.01
35.0,61.4
30.0,70.25
86.0,82.31
103.0,72.5
44.0,73.01
33.0,28.71
44.0,40.58
235.0,207.56
18.0,21.66
11.0,18.93
27.0,27.66
15.0,29.25
29.0,34.82
9.0,35.41
17.0,33.67
50.0,29.67
10.0,11.04
85.0,46.2
7.0,8.25
1.0,1.56
196.0,116.5
10.0,16.98
85.0,100.31
58.0,497.71
156.0,99.31
155.0,146.94
1361.0,1955.82
561.0,744.09
525.0,581.36
669.0,579.7
364.0,671.01
309.0,265.41
236.0,331.94
245.0,247.04
247.0,388.66
424.0,275.6
526.0,318.95
761.0,915.48
229.0,159.53
151.0,216.39
275.0,208.09
144.0,95.13
258.0,261.17
119.0,197.32
100.0,151.3
198.0,161.76
62.0,146.11
63.0,73.27
279.0,238.26
16.0,23.94
94.0,46.46
108.0,76.67
5.0,7.67
84.0,91.3
26.0,43.93
30.0,42.14
69.0,72.23
90.0,114.95
30.0,28.42
19.0,29.79
20.0,17.79
16.0,20.36
32.0,33.09
15.0,14.8
26.0,25.53
14.0,11.3
25.0,19.12
17.0,12.88
147.0,102.48
14.0,24.77
78.0,121.94
43.0,94.54
80.0,111.43
797.0,1476.34
890.0,988.19
973.0,1121.04
342.0,466.95
1023.0,597.41
265.0,137.3
504.0,449.56
360.0,405.74
205.0,140.55
530.0,476.36
298.0,225.75
129.0,251.8
74.0,141.56
220.0,145.34
113.0,93.09
140.0,139.39
72.0,144.01
42.0,132.5
64.0,142.27
286.0,455.62
72.0,116.08
13.0,22.25
63.0,45.21
66.0,95.34
7.0,11.1
30.0,17.43
9.0,17.97
42.0,52.24
109.0,79.45
30.0,20.71
133.0,229.55
444.0,631.12
285.0,449.0
159.0,547.9
1287.0,912.39
747.0,665.12
779.0,793.27
2191.0,1719.17
1722.0,3176.74
168.0,151.15
4.0,5.64
188.0,117.57
22.0,47.99
41.0,35.16
91.0,146.2
274.0,113.24
205.0,91.05
51.0,33.21
66.0,67.22
48.0,41.51
33.0,57.31
9.0,13.18
91.0,71.92
14.0,33.34
32.0,24.92
29.0,32.72
109.0,71.44
40.0,18.77
26.0,17.65
21.0,21.48
44.0,53.04
93.0,70.94
1718.0,922.61
1824.0,2273.87
998.0,1098.58
96.0,130.33
574.0,446.83
360.0,583.22
366.0,487.46
347.0,313.39
446.0,426.86
352.0,507.24
171.0,324.22
116.0,153.27
87.0,92.56
221.0,290.66
106.0,116.07
30.0,50.08
119.0,134.67
105.0,166.15
114.0,94.17
21.0,38.37
71.0,40.64
19.0,31.51
19.0,20.96
14.0,16.44
9.0,13.47
59.0,35.0
13.0,11.33
8.0,8.33
5.0,20.49
4.0,6.51
6.0,7.04
13.0,16.09
62.0,69.34
2525.0,1717.25
73.0,58.89
68.0,58.17
470.0,852.21
518.0,338.03
397.0,629.63
277.0,478.22
1890.0,1831.72
141.0,292.61
76.0,104.06
166.0,103.32
183.0,248.29
72.0,105.41
239.0,324.44
18.0,23.79
19.0,29.73
88.0,46.84
39.0,48.65
42.0,64.85
44.0,33.37
7.0,5.97
70.0,102.14
65.0,50.13
47.0,42.89
24.0,32.85
30.0,29.87
27.0,24.9275
13.0,13.14
29.0,26.7
23.0,31.24
13.0,22.74
5.0,10.37
18.0,23.41
8.0,29.82
10.0,19.72
9.0,12.93
7.0,7.55
29.0,50.36
24.0,19.98
48.0,57.22
110.0,125.26
51.0,105.19
104.0,71.83
873.0,606.29
550.0,468.52
689.0,600.81
508.0,523.74
662.0,410.61
664.0,437.97
257.0,262.07
465.0,456.93
206.0,182.15
310.0,505.85
197.0,331.41
324.0,360.21
174.0,220.0
74.0,60.46
180.0,142.52
304.0,107.14
65.0,115.27
63.0,80.95
171.0,229.48
496.0,236.22
95.0,116.64
207.0,236.09
719.0,352.11
220.0,223.13
28.0,27.49
17.0,19.36
32.0,42.23
47.0,42.88
42.0,60.38
11.0,20.71
26.0,29.2
25.0,17.77
56.0,41.08
7.0,13.66
17.0,10.34
82.0,9.31
3.0,5.56
68.0,114.24
21.0,40.02
27.0,36.43
47.0,41.1
95.0,145.38
148.0,111.24
3146.0,3029.36
636.0,640.47
1050.0,887.46
449.0,434.18
207.0,286.0
597.0,385.21
4001.0,2967.02
224.0,297.53
78.0,98.25
142.0,127.67
71.0,168.18
56.0,74.64
242.0,206.89
103.0,191.48
81.0,68.59
58.0,54.82
42.0,53.35
58.0,40.74
39.0,26.45
35.0,52.43
23.0,17.9
11.0,26.97
8.0,6.02
32.0,47.89
23.0,45.93
51.0,61.41
143.0,300.28
100.0,200.69
220.0,238.01
480.0,347.64
270.0,347.25
194.0,454.51
673.0,569.63
479.0,676.78
323.0,392.85
817.0,534.19
1194.0,1051.01
1101.0,1163.86
83.0,96.53
34.0,71.74
22.0,29.61
20.0,34.37
30.0,32.84
54.0,129.36
16.0,13.51
9.0,10.87
11.0,19.88
8.0,11.17
8.0,8.24
75.0,110.86
9.0,24.65
156.0,104.15
3279.0,4143.94
832.0,1287.72
656.0,405.05
312.0,454.17
289.0,374.09
36.0,60.9
802.0,531.43
199.0,240.6
600.0,586.24
162.0,196.6
218.0,245.66
25.0,22.06
30.0,62.87
92.0,90.61
59.0,66.88
168.0,76.74
61.0,56.19
26.0,26.17
27.0,35.74
37.0,45.16
26.0,44.28
43.0,30.09
11.0,14.94
70.0,32.43
15.0,17.686666666666667
14.0,27.1
15.0,17.22
164.0,132.59
607.0,124.6
6.0,9.86
37.0,12.64
9.0,10.72
13.0,10.53
12.0,18.89
70.0,74.34
45.0,63.94
54.0,72.98
62.0,56.89
2064.0,2324.28
1219.0,1201.31
1188.0,1238.27
610.0,736.19
229.0,650.8
736.0,1135.94
548.0,657.9
176.0,440.89
390.0,393.47
574.0,498.06
349.0,263.0
364.0,510.5
258.0,342.03
416.0,346.53
59.0,66.38
115.0,150.36
184.0,197.03
63.0,96.61
77.0,122.86
243.0,256.2
183.0,373.93
236.0,173.6
313.0,228.69
94.0,52.15
16.0,21.4
60.0,61.15
48.0,40.09
102.0,85.9
37.0,43.3
62.0,55.76
79.0,49.56
59.0,52.88
124.0,709.75
19.0,29.09
20.0,51.2
4.0,6.04
5.0,13.17
15.0,24.95
18.0,25.46
4.0,8.32
18.0,14.87
3.0,8.58
6.0,7.27
17.0,13.54
12.0,11.49
9.0,23.64
2.0,3.6
222.0,64.54
19.0,29.9
34.0,44.36
34.0,26.55
14.0,41.7
1626.0,1898.6
1270.0,861.93
2039.0,1730.96
579.0,662.57
738.0,1171.24
1101.0,901.19
265.0,402.16
551.0,485.96
123.0,331.81
378.0,360.45
448.0,465.82
211.0,364.1
272.0,379.43
207.0,380.72
54.0,47.6
72.0,320.52
103.0,116.43
30.0,61.72
26.0,51.44
303.0,317.3
41.0,63.47
50.0,70.82
232.0,122.23
161.0,236.68
225.0,179.94
271.0,228.55
189.0,194.46
41.0,46.03
139.0,78.27
49.0,69.37
45.0,47.15
27.0,34.67
39.0,49.02
12.0,23.83
30.0,57.14
26.0,17.4
5.0,7.75
7.0,7.72
12.0,27.73
45.0,66.12
25.0,42.58
125.0,88.89
81.0,441.01
952.0,1019.84
195.0,340.25
368.0,449.95
526.0,355.66
469.0,401.04
440.0,450.85
132.0,240.54
58.0,93.42
41.0,61.69
99.0,109.23
126.0,308.59
97.0,31.18
49.0,87.89
74.0,150.48
67.0,66.81
40.0,45.77
39.0,18.52
68.0,61.33
15.0,20.61
13.0,26.76
41.0,45.7
32.0,37.68
10.0,18.09
16.0,10.4
13.0,15.21
12.0,25.01
63.0,14.67
17.0,16.83
38.0,37.05
5.0,8.47
4.0,7.08
40.0,27.22
14.0,7.33
58.0,69.85
36.0,27.94
128.0,114.11
704.0,694.04
62.0,87.72
933.0,979.95
400.0,872.03
398.0,457.76
583.0,526.31
397.0,360.7
260.0,367.71
84.0,120.52
363.0,417.97
200.0,277.17
391.0,268.44
271.0,395.59
202.0,309.0
104.0,229.16
109.0,117.71
160.0,160.53
243.0,304.89
73.0,119.77
63.0,107.33
122.0,135.9
171.0,167.34
56.0,52.45
229.0,115.25
242.0,308.21
320.0,135.21
35.0,61.19
24.0,43.39
26.0,36.65
167.0,75.61
11.0,8.87
27.0,29.73
45.0,40.34
47.0,40.53
113.0,149.41
1016.0,731.8
117.0,133.6
176.0,246.22
45.0,66.59
166.0,125.55
184.0,197.48
179.0,371.91
66.0,151.08
1128.0,1212.76
2400.0,2345.75
48.0,156.22
25.0,34.18
94.0,96.48
38.0,29.17
24.0,34.86
41.0,34.18
22.0,24.16
3.0,7.39
20.0,22.46
20.0,29.36
19.0,17.32
55.0,57.85
42.0,17.66
12.0,8.21
21.0,17.44
79.0,124.23
46.0,23.72
100.0,87.46
79.0,81.89
2050.0,1765.28
1116.0,942.22
298.0,462.35
322.0,517.14
278.0,354.48
624.0,323.87
260.0,344.25
165.0,174.52
68.0,77.49
167.0,237.16
188.0,188.1
139.0,132.91
41.0,56.23
223.0,442.66
149.0,196.55
42.0,18.895
42.0,30.23
163.0,114.77
129.0,185.25
102.0,94.67
142.0,335.86
459.0,379.88
362.0,421.46
613.0,668.95
1650.0,1270.91
51.0,75.2
65.0,57.42
30.0,68.69
141.0,99.91
80.0,72.16
55.0,35.84
54.0,37.17
27.0,33.98
47.0,44.23
54.0,44.73
12.0,19.19
26.0,28.7
30.0,23.75
14.0,9.72
6.0,13.34
9.0,8.42
15.0,14.25
235.0,75.32
13.0,9.71
17.0,10.59
70.0,60.35
41.0,87.24
24.0,28.64
91.0,106.05
13.0,15.68
83.0,98.03
99.0,106.36
706.0,626.59
915.0,569.24
544.0,542.07
465.0,453.26
385.0,421.04
590.0,472.95
1800.0,580.63
339.0,243.74
185.0,348.52
191.0,569.09
109.0,207.44
75.0,137.97
116.0,166.83
228.0,198.2
94.0,99.05
143.0,142.02
158.0,149.87
52.0,89.28
195.0,228.13
285.0,370.07
48.0,108.16
26.0,57.7
30.0,33.1
57.0,55.05
51.0,32.8
40.0,37.61
22.0,27.25
22.0,28.66
8.0,11.03
44.0,33.01
30.0,14.67
15.0,22.68
10.0,16.85
10.0,17.84
6.0,10.263333333333332
44.0,48.08
26.0,33.62
217.0,103.4
23.0,26.34
296.0,287.21
155.0,155.19
1922.0,2218.85
1146.0,1504.12
576.0,617.42
1745.0,625.31
489.0,542.39
186.0,541.92
248.0,365.38
504.0,1236.93
343.0,391.37
93.0,111.0
1252.0,620.47
250.0,260.73
251.0,256.41
280.0,274.96
508.0,532.39
241.0,252.83
51.0,44.5
22.0,77.53
137.0,67.71
51.0,70.03
35.0,85.2
91.0,102.79
47.0,52.86
17.0,21.6
54.0,47.64
6.0,13.55
24.0,27.52
30.0,31.33
125.0,52.83
18.0,13.88
83.0,30.59
33.0,17.4
11.0,16.33
179.0,122.37
4.0,9.58
3.0,3.62
42.0,37.56
116.0,179.78
138.0,188.28
201.0,166.53
2671.0,1536.93
1364.0,925.94
762.0,962.94
262.0,314.51
298.0,301.58
706.0,458.27
85.0,154.58
887.0,688.47
501.0,583.17
575.0,788.89
376.0,411.77
303.0,353.86
302.0,397.13
355.0,246.92
60.0,141.35
232.0,208.49
75.0,83.36
522.0,408.33
462.0,290.96
439.0,333.83
246.0,123.98
51.0,67.63
48.0,44.9
28.0,43.47
59.0,59.64
81.0,99.35
49.0,61.94
105.0,58.84
36.0,35.05
61.0,79.3
15.0,36.31
59.0,35.83
15.0,16.52
26.0,25.27
16.0,10.07
12.0,9.68
11.0,9.16
2.0,3.41
90.0,78.15
62.0,91.45
61.0,77.97
61.0,119.28
1870.0,2676.41
1714.0,2622.06
876.0,554.82
153.0,158.5
456.0,428.2
469.0,299.15
101.0,171.77
158.0,249.77
330.0,317.78
77.0,117.99
287.0,257.92
94.0,125.17
89.0,139.85
89.0,109.91
107.0,74.81
78.0,214.28
39.0,58.29
136.0,225.64
55.0,26.95
33.0,44.69
19.0,31.17
15.0,30.87
45.0,44.03
75.0,103.61
76.0,64.64
45.0,50.48
37.0,59.46
50.0,47.41
34.0,26.83
41.0,47.42
29.0,30.5
12.0,7.2
29.0,31.79
15.0,21.14
13.0,14.62
12.0,19.48
8.0,18.19
3.0,6.03
18.0,18.68
22.0,71.3
8.0,10.36
6.0,11.75
11.0,9.51
8.0,2.07
17.0,26.22
57.0,50.05
46.0,63.82
33.0,53.81
20.0,46.82
866.0,809.13
2070.0,2491.93
2172.0,1873.13
796.0,686.27
513.0,593.62
850.0,682.3
660.0,511.36
488.0,512.23
514.0,507.09
159.0,174.37
124.0,172.02
286.0,389.4
367.0,275.44
372.0,349.01
519.0,279.86
88.0,141.62
99.0,111.45
110.0,60.99
37.0,90.5
131.0,116.0
93.0,135.74
149.0,164.73
72.0,107.36
168.0,229.19
364.0,364.22
156.0,211.16
66.0,44.23
19.0,32.13
60.0,63.23
80.0,61.34
41.0,53.4
29.0,26.25
33.0,40.48
55.0,58.9
187.0,62.35
96.0,99.61
88.0,90.67
109.0,101.13
24.0,38.4
26.0,31.69
12.0,10.16
9.0,17.31
39.0,53.39
40.0,40.42
68.0,56.6
36.0,40.25
27.0,14.94
13.0,19.36
18.0,14.51
21.0,17.11
6.0,7.22
28.0,22.77
10.0,17.06
88.0,77.27
85.0,56.28
54.0,84.86
676.0,589.66
600.0,256.9
216.0,171.14
1113.0,1802.76
1753.0,1982.32
822.0,844.61
1864.0,1544.44
1440.0,912.58
785.0,1005.89
610.0,643.08
243.0,568.2
669.0,905.54
1337.0,909.72
789.0,818.99
605.0,513.75
334.0,417.12
382.0,287.21
354.0,535.28
155.0,207.87
490.0,326.47
444.0,360.2
286.0,329.49
294.0,273.62
670.0,605.83
67.0,112.6
336.0,249.97
137.0,113.06
272.0,170.25
62.0,142.79
163.0,136.55
85.0,58.77
44.0,22.59
105.0,78.15
108.0,167.16
14.0,23.26
741.0,236.16
211.0,188.57
56.0,62.23
216.0,265.37
194.0,173.43
40.0,44.825
51.0,48.91
23.0,45.13
23.0,44.62
54.0,57.23
83.0,81.45
95.0,78.4
30.0,33.21
91.0,88.75
98.0,111.28
76.0,102.21
27.0,47.04
296.0,129.64
75.0,89.65
40.0,94.74
11.0,15.61
27.0,20.42
106.0,174.16
5.0,7.01
18.0,17.27
16.0,13.84
15.0,12.93
11.0,14.04
28.0,24.93
31.0,34.92
52.0,23.42
79.0,68.64
30.0,43.42
17.0,18.94
13.0,11.78
32.0,43.9
35.0,35.72
100.0,43.21
101.0,61.08
97.0,116.69
62.0,63.18
370.0,326.35
848.0,606.91
112.0,287.87
513.0,550.68
512.0,585.9
401.0,681.06
395.0,349.2
340.0,332.1
1534.0,646.53
622.0,763.61
504.0,776.53
1167.0,1128.63
614.0,603.27
3234.0,1861.4
1327.0,1004.46
674.0,455.14
1745.0,627.81
146.0,273.69
552.0,556.03
155.0,134.43
124.0,143.7
194.0,132.53
88.0,205.25
296.0,196.63
125.0,175.59
140.0,136.16
246.0,196.83
188.0,226.71
994.0,133.9
358.0,303.41
202.0,174.88
183.0,285.39
170.0,281.47
271.0,380.02
22.0,28.9
323.0,228.94
53.0,39.65
26.0,33.99
22.0,34.6
60.0,144.39
43.0,61.31
123.0,68.31
59.0,44.64
41.0,33.47
58.0,58.55
33.0,52.75
26.0,36.73
8.0,14.3
28.0,19.88
21.0,22.61
17.0,16.975
22.0,18.95
9.0,12.34
42.0,60.31
10.0,18.49
11.0,8.57
3.0,2.5
18.0,32.83
58.0,51.97
113.0,68.82
16.0,25.53
54.0,77.12
91.0,104.49
146.0,308.21
90.0,52.57
4192.0,3138.82
1237.0,3154.26
1076.0,932.01
528.0,685.96
781.0,1201.48
260.0,539.68
735.0,455.02
268.0,399.99
322.0,417.26
215.0,209.91
106.0,174.1
308.0,216.04
198.0,278.95
62.0,90.61
60.0,59.84
60.0,91.99
54.0,84.52
175.0,101.71
314.0,234.73
124.0,161.71
57.0,89.83
159.0,120.03
68.0,85.0
78.0,82.06
192.0,204.92
127.0,137.29
62.0,52.72
14.0,52.26
30.0,35.18
43.0,50.16
36.0,59.02
39.0,56.225
159.0,98.1
468.0,128.33
185.0,72.29
379.0,50.5
58.0,46.35
102.0,69.16
46.0,69.58
31.0,29.43
79.0,67.89
59.0,40.29
30.0,35.63
48.0,49.66
178.0,39.38
41.0,37.02
20.0,31.8
34.0,38.57
32.0,28.56
46.0,47.26
13.0,20.68
19.0,17.93
24.0,10.91
5.0,5.791
14.0,19.51
27.0,13.4
14.0,11.09
38.0,56.92
68.0,60.14
728.0,1062.86
46.0,47.88
148.0,114.19
2550.0,2176.5
1547.0,1581.53
1591.0,1984.04
1630.0,1052.97
578.0,484.33
327.0,598.26
518.0,457.32
448.0,338.44
458.0,507.44
988.0,646.0
195.0,228.95
151.0,206.87
529.0,522.19
435.0,228.33
423.0,566.54
221.0,298.57
176.0,157.21
172.0,311.5
176.0,159.42
1113.0,217.02
80.0,212.86
126.0,252.74
360.0,265.43
162.0,220.79
108.0,98.74
133.0,250.72
239.0,264.34
356.0,270.23
503.0,130.13
198.0,291.25
39.0,51.92
59.0,60.84
64.0,53.01
110.0,75.85
26.0,46.09
41.0,45.6
77.0,80.7
93.0,97.07
35.0,79.31
80.0,78.06
29.0,53.78
36.0,86.33
163.0,114.07
141.0,101.03
59.0,75.37
70.0,95.29
36.0,47.51
11.0,12.37
40.0,36.85
115.0,101.02
26.0,32.0
16.0,11.01
167.0,45.57
25.0,34.08
8.0,13.71
14.0,19.35
16.0,17.745
44.0,27.03
27.0,18.81
15.0,15.18
15.0,31.52
26.0,32.85
32.0,37.39
47.0,78.08
48.0,41.71
146.0,332.17
27.0,46.14
134.0,131.66
223.0,242.57
517.0,520.05
310.0,849.6
1033.0,709.13
243.0,498.83
668.0,772.23
595.0,581.58
825.0,1138.79
1709.0,1078.07
655.0,652.08
593.0,1104.35
1693.0,1612.96
1218.0,1513.15
2584.0,2959.66
1625.0,1574.2
593.0,547.85
102.0,89.63
342.0,653.56
334.0,332.02
116.0,279.93
140.0,103.86
197.0,150.32
160.0,144.73
288.0,398.96
228.0,217.54
571.0,529.74
341.0,311.0
180.0,318.09
341.0,286.2
284.0,295.47
874.0,149.58
669.0,254.28
82.0,107.18
289.0,369.79
137.0,177.84
296.0,356.21
10.0,16.39
105.0,98.77
26.0,21.43
50.0,73.81
31.0,52.21
41.0,45.36
54.0,48.9
44.0,67.31
56.0,138.88
47.0,58.79
138.0,103.17
88.0,90.38
49.0,50.33
26.0,78.47
29.0,65.16
52.0,93.13
52.0,44.6
55.0,78.85
34.0,38.62
29.0,31.2
64.0,66.19
12.0,7.99
119.0,108.65
14.0,9.59
30.0,15.64
15.0,17.4
13.0,12.26
22.0,14.94
18.0,28.26
32.0,29.67
21.0,21.79
37.0,36.18
26.0,24.51
12.0,27.01
25.0,25.13
10.0,19.9
1810.0,144.78
29.0,18.88
39.0,39.19
105.0,105.8
34.0,32.0
160.0,175.37
152.0,241.57
143.0,206.4
455.0,529.39
251.0,436.36
217.0,261.06
561.0,432.12
470.0,489.09
288.0,347.55
128.0,265.58
1039.0,917.26
264.0,513.36
774.0,723.81
876.0,1247.5
708.0,1148.23
556.0,958.37
1103.0,1176.19
1473.0,1629.89
63.0,71.17
747.0,1007.91
207.0,278.4
290.0,494.25
268.0,334.57
80.0,71.0
204.0,140.96
87.0,84.17
103.0,96.53
119.0,113.63
189.0,155.6
65.0,97.59
374.0,184.68
248.0,223.5
47.0,54.98
245.0,177.04
265.0,248.11
139.0,113.58
292.0,270.76
118.0,127.12
66.0,150.75
341.0,283.53
259.0,220.52
170.0,157.97
126.0,127.43
88.0,69.24
197.0,136.51
117.0,100.36
153.0,132.4
20.0,28.16
259.0,68.97
32.0,41.34
31.0,42.63
28.0,32.62
12.0,14.29
45.0,99.41
18.0,28.19
8.0,15.0
42.0,27.18
219.0,78.41
68.0,61.29
145.0,186.28
307.0,218.84
260.0,343.69
137.0,217.54
520.0,500.47
365.0,187.54
169.0,132.57
152.0,165.28
494.0,327.94
325.0,353.56
528.0,1101.38
964.0,1014.32
81.0,143.6
397.0,453.25
164.0,222.79
539.0,285.36
216.0,320.42
289.0,313.92
353.0,415.03
181.0,205.11
56.0,44.0
32.0,45.42
38.0,75.9
74.0,64.24
42.0,36.79
47.0,51.52
63.0,93.61
126.0,81.56
118.0,91.83
103.0,72.36
22.0,27.85
33.0,79.95
111.0,57.95
70.0,82.02
30.0,35.73
17.0,23.22
39.0,43.77
116.0,90.6
5.0,7.26
6.0,9.63
13.0,13.28
13.0,14.2
29.0,26.37
3.0,3.49
16.0,17.0325
31.0,59.34
22.0,22.44
22.0,32.79
113.0,26.1
28.0,31.77
8.0,14.02
685.0,107.82
50.0,108.6
37.0,40.18
97.0,114.86
102.0,113.45
4473.0,3056.72
857.0,957.44
1454.0,1744.46
1955.0,1566.33
398.0,444.73
726.0,482.88
254.0,316.28
829.0,804.39
600.0,651.86
312.0,733.14
247.0,153.35
543.0,516.11
338.0,302.6
504.0,499.12
1158.0,962.11
813.0,161.81
121.0,121.09
114.0,87.78
157.0,131.34
50.0,49.15
47.0,81.69
334.0,160.39
121.0,151.99
186.0,114.47
97.0,65.19
122.0,197.9
107.0,107.5
177.0,127.74
97.0,97.67
231.0,202.52
373.0,384.68
42.0,37.36
118.0,55.97
56.0,43.02
44.0,31.2
101.0,81.3
30.0,26.52
22.0,38.84
70.0,63.44
57.0,74.6
16.0,25.32
19.0,41.15
23.0,39.89
64.0,49.1
57.0,84.12
50.0,58.66
473.0,87.13
91.0,59.3
98.0,56.1
50.0,42.76
13.0,12.46
15.0,33.92
9.0,25.62
9.0,12.29
26.0,18.07
132.0,56.65
49.0,13.38
11.0,13.3
60.0,25.17
16.0,23.79
18.0,30.73
10.0,14.88
16.0,29.365
13.0,30.7
9.0,11.4
39.0,33.71
15.0,19.41
39.0,48.55
59.0,30.36
35.0,37.98
108.0,78.26
25.0,14.56
127.0,225.98
227.0,262.26
478.0,290.2
183.0,381.67
406.0,381.49
450.0,416.24
609.0,475.65
578.0,595.67
570.0,568.91
706.0,540.83
253.0,322.42
289.0,719.58
397.0,444.85
624.0,714.72
561.0,502.05
537.0,757.57
415.0,942.69
58.0,133.49
201.0,419.08
226.0,154.09
1018.0,1481.72
365.0,336.15
327.0,338.1
90.0,114.93
94.0,110.38
158.0,131.59
127.0,191.48
130.0,203.97
218.0,208.69
114.0,149.14
278.0,192.5
71.0,156.26
178.0,135.93
89.0,123.15
126.0,149.51
149.0,289.09
138.0,313.84
155.0,148.76
154.0,185.46
99.0,142.58
87.0,92.77
18.0,45.58
47.0,70.09
46.0,51.61
168.0,95.87
54.0,50.3
116.0,85.46
167.0,190.29
53.0,53.91
52.0,41.522
34.0,55.31
243.0,170.06
76.0,78.79
139.0,133.26
87.0,71.92
133.0,129.18
101.0,52.22
21.0,31.36
36.0,42.63
175.0,188.09
55.0,52.35
20.0,22.68
18.0,23.2
15.0,25.13
14.0,18.74
40.0,27.06
22.0,20.78
69.0,43.07
42.0,41.47
28.0,34.1
82.0,65.88
31.0,30.47
123.0,73.81
51.0,50.99
43.0,76.71
84.0,57.32
62.0,56.1
146.0,127.84
300.0,185.78
345.0,201.85
543.0,178.9
608.0,435.77
1218.0,689.72
296.0,639.76
449.0,720.83
561.0,766.14
725.0,1014.24
720.0,453.47
790.0,979.77
518.0,709.23
891.0,878.85
1497.0,1551.84
1218.0,1069.59
1541.0,1389.36
146.0,159.57
229.0,254.44
579.0,482.95
811.0,903.91
808.0,554.42
154.0,255.92
233.0,203.8
249.0,266.2
86.0,139.15
103.0,144.55
60.0,129.4
204.0,163.96
189.0,192.27
245.0,99.71
1780.0,312.36
192.0,194.26
305.0,1241.31
291.0,290.67
127.0,157.51
119.0,168.38
220.0,97.66
342.0,411.23
76.0,39.4
29.0,33.73
17.0,21.05
38.0,33.05
53.0,60.7
32.0,42.33
144.0,64.47
22.0,40.36
35.0,32.67
49.0,42.56
69.0,98.96
27.0,39.25
61.0,52.87
27.0,42.02
14.0,21.78
25.0,25.59
11.0,17.85
51.0,32.2
32.0,42.59
2.0,59.91
61.0,37.07
7.0,6.65
36.0,11.31
19.0,37.37
29.0,33.53
15.0,20.66
23.0,30.64
35.0,13.94
14.0,19.41
18.0,19.64
19.0,29.94
24.0,24.41
9.0,12.32
31.0,52.87
85.0,111.39
53.0,38.73
239.0,161.26
189.0,180.87
600.0,527.96
279.0,452.17
351.0,656.86
221.0,547.26
424.0,254.57
702.0,540.89
1615.0,1051.01
415.0,632.87
2125.0,1274.69
757.0,926.98
1582.0,2407.29
3499.0,2623.28
534.0,501.78
150.0,131.58
1316.0,1025.46
125.0,100.94
244.0,238.82
91.0,110.74
84.0,119.51
60.0,66.81
81.0,75.9
74.0,89.37
139.0,130.94
201.0,100.82
257.0,151.26
272.0,217.99
117.0,87.52
164.0,276.84
346.0,312.11
136.0,112.02
125.0,201.04
45.0,57.98
41.0,50.44
41.0,73.03
78.0,48.92
28.0,30.87
48.0,60.26
50.0,55.72
68.0,91.02
39.0,45.72
18.0,40.19
72.0,58.92
56.0,43.76
16.0,13.15
130.0,223.96
14.0,33.34
31.0,30.85
28.0,26.33
22.0,22.11
11.0,14.87
6.0,11.91
14.0,14.42
6.0,6.03
11.0,8.18
92.0,83.3
17.0,38.64
163.0,112.94
295.0,197.53
93.0,87.67
3257.0,2250.21
85.0,113.62
465.0,546.95
513.0,474.11
957.0,709.68
469.0,354.3
418.0,532.61
860.0,422.7
415.0,487.96
352.0,130.31
137.0,191.39
111.0,140.93
1161.0,1166.66
176.0,258.8
100.0,98.49
382.0,315.34
197.0,178.69
147.0,125.56
178.0,104.61
55.0,104.55
186.0,240.68
310.0,250.82
119.0,225.52
113.0,131.39
88.0,87.07
66.0,55.17
106.0,118.48
113.0,106.75
46.0,75.49
171.0,140.8
50.0,76.42
61.0,63.18
58.0,55.05
20.0,39.7
48.0,34.72
58.0,22.2
23.0,25.36
39.0,33.42
33.0,28.31
98.0,70.19
33.0,24.58
23.0,25.44
23.0,24.31
12.0,21.62
297.0,233.36
34.0,44.17
117.0,144.26
1802.0,2285.12
154.0,155.91
1904.0,1768.03
1029.0,1220.31
726.0,609.3
719.0,512.87
114.0,102.48
1734.0,796.64
300.0,427.19
289.0,255.3
696.0,983.34
284.0,270.56
458.0,652.07
499.0,313.79
205.0,345.03
209.0,298.44
135.0,200.08
1954.0,274.21
521.0,276.87
175.0,192.47
48.0,98.97
113.0,129.35
197.0,359.28
13.0,13.88
67.0,103.55
392.0,544.63
143.0,129.94
44.0,44.19
84.0,47.82
39.0,62.27
71.0,93.88
59.0,48.05
67.0,55.2
89.0,84.97
146.0,88.53
105.0,64.05
81.0,98.88
80.0,109.31
155.0,101.42
97.0,87.17
85.0,135.34
70.0,79.2
72.0,98.39
75.0,74.0
31.0,28.97
82.0,38.1
77.0,84.31
8.0,11.69
14.0,7.55
6.0,9.01
13.0,14.83
18.0,15.82
14.0,11.46
23.0,31.41
42.0,27.56
17.0,17.17
11.0,16.5325
18.0,24.82
24.0,39.58
46.0,51.42
27.0,25.58
23.0,24.82
9.0,13.62
54.0,49.41
26.0,32.25
85.0,65.64
88.0,135.86
496.0,502.14
463.0,193.19
230.0,438.6
541.0,365.15
94.0,147.14
635.0,429.35
512.0,309.0
518.0,249.35
225.0,447.22
428.0,377.82
1190.0,960.97
362.0,662.84
2518.0,1896.09
896.0,868.23
178.0,204.6
191.0,342.74
248.0,363.38
4416.0,2772.6
265.0,137.17
221.0,234.12
74.0,139.97
103.0,126.97
86.0,91.94
163.0,167.29
201.0,208.16
268.0,228.27
98.0,223.23
244.0,197.18
186.0,223.68
187.0,265.97
163.0,163.66
207.0,238.39
326.0,251.61
428.0,431.22
459.0,309.56
159.0,218.87
30.0,37.42
47.0,50.35
49.0,47.87
48.0,63.81
34.0,48.35
60.0,71.77
88.0,67.18
59.0,60.51
41.0,50.95
56.0,29.79
146.0,82.74
54.0,61.6
95.0,34.76
30.0,40.92
54.0,61.94
82.0,107.62
66.0,62.79
23.0,39.16
52.0,44.27
17.0,28.86
107.0,50.33
16.0,25.69
7.0,9.75
16.0,9.95
11.0,10.28
10.0,7.74
28.0,43.2
9.0,9.35
19.0,22.19
39.0,18.19
21.0,20.12
40.0,26.57
38.0,44.22
18.0,22.04
53.0,36.49
24.0,20.06
84.0,131.84
10.0,10.36
76.0,62.38
199.0,333.83
741.0,632.25
267.0,236.93
274.0,521.49
264.0,349.88
362.0,427.04
1000.0,725.36
332.0,389.03
844.0,784.86
487.0,488.04
1054.0,1012.97
1629.0,1378.1
1496.0,1519.77
2794.0,2793.41
171.0,123.53
323.0,415.47
102.0,195.35
257.0,283.07
201.0,204.94
174.0,116.53
177.0,231.08
387.0,118.81
76.0,64.38
35.0,67.62
181.0,174.32
194.0,116.33
200.0,219.63
75.0,66.31
87.0,92.08
218.0,227.06
86.0,84.03
260.0,368.62
345.0,185.68
170.0,246.87
159.0,166.44
227.0,448.18
43.0,32.36
104.0,69.71
41.0,52.66
38.0,57.95
31.0,43.0
62.0,58.34
49.0,54.37
57.0,84.2
86.0,63.44
54.0,46.48
73.0,101.46
56.0,69.79
48.0,81.67
71.0,82.58
50.0,80.56
18.0,30.82
38.0,64.36
20.0,43.36
5.0,7.45
32.0,36.41
4.0,5.68
82.0,93.63
31.0,11.92
2.0,3.36
19.0,15.53
15.0,20.24
11.0,29.64
13.0,15.93
22.0,20.76
19.0,39.23
22.0,20.21666666666667
10.0,22.63666666666667
57.0,26.51
19.0,26.58
19.0,28.12
13.0,32.9
41.0,28.93
57.0,51.06
81.0,78.97
68.0,147.12
126.0,94.61
145.0,180.23
617.0,435.51
210.0,360.06
311.0,485.24
311.0,366.67
436.0,398.64
273.0,268.52
245.0,341.74
795.0,663.67
340.0,479.8
60.0,37.19
790.0,688.74
1272.0,1352.16
689.0,646.16
2545.0,1363.07
5211.0,4233.87
1168.0,424.64
234.0,306.7
339.0,735.53
496.0,325.14
223.0,210.65
146.0,111.22
207.0,162.13
3411.0,194.81
103.0,145.89
130.0,113.38
73.0,78.78
111.0,179.94
153.0,132.3
321.0,272.98
412.0,273.2
153.0,276.59
419.0,355.82
111.0,122.93
156.0,205.13
415.0,284.07
388.0,353.89
105.0,125.68
41.0,361.67
67.0,52.5
36.0,43.71
11.0,17.1
127.0,109.85
146.0,157.97
73.0,82.22
58.0,80.38
227.0,130.32
25.0,24.91
85.0,82.81
54.0,57.19
25.0,28.27
40.0,31.79
29.0,45.91
39.0,37.2
22.0,16.93
25.0,25.0
17.0,28.92
36.0,35.16
22.0,25.46
26.0,24.95
10.0,13.85
121.0,122.59
53.0,48.27
87.0,66.28
239.0,240.66
141.0,152.88
108.0,176.13
630.0,941.87
635.0,392.23
512.0,723.49
1312.0,781.58
327.0,270.7
834.0,538.96
977.0,573.76
881.0,514.06
198.0,322.13
148.0,421.9
736.0,578.18
413.0,665.48
465.0,604.5
486.0,600.58
48.0,92.04
80.0,89.29
249.0,256.18
93.0,125.19
118.0,220.54
163.0,211.8
244.0,251.02
132.0,227.69
242.0,235.9
129.0,163.5
18.0,30.26
105.0,89.05
47.0,41.86
92.0,59.95
28.0,43.94
117.0,41.12
20.0,37.8
18.0,38.6
77.0,116.84
57.0,82.81
51.0,45.41
58.0,95.18
34.0,76.68
154.0,94.44
99.0,109.41
57.0,91.52
52.0,62.24
89.0,81.38
84.0,42.53
27.0,24.62
58.0,55.32
19.0,36.35
14.0,12.91
37.0,55.09
2.0,3.18
5.0,3.92
6.0,6.1
7.0,7.5
10.0,9.83
43.0,103.55
23.0,13.42
10.0,10.44
32.0,14.95
21.0,26.73
322.0,142.81
18.0,17.21
10.0,13.47
18.0,26.93
35.0,43.49
25.0,38.16
15.0,41.09
117.0,43.2
17.0,40.8
33.0,33.47
5.0,6.9
103.0,114.32
57.0,49.73
122.0,112.49
477.0,470.87
546.0,550.1
1236.0,291.79
1217.0,695.92
1013.0,423.98
866.0,580.58
1234.0,554.44
554.0,394.55
573.0,463.9
432.0,255.32
311.0,571.92
624.0,654.72
569.0,582.13
765.0,726.47
816.0,1056.51
655.0,1396.29
880.0,1033.28
1843.0,963.18
4306.0,3757.77
237.0,172.12
1244.0,1143.07
429.0,392.97
825.0,554.38
235.0,236.2
128.0,179.04
198.0,180.06
165.0,191.88
169.0,204.22
119.0,113.47
389.0,453.93
175.0,157.36
178.0,227.86
84.0,122.08
191.0,264.31
299.0,234.31
154.0,124.5
130.0,111.5
98.0,152.68
136.0,102.46
277.0,191.33
118.0,142.95
89.0,133.45
195.0,243.57
204.0,117.77
329.0,229.25
76.0,136.67
61.0,98.67
45.0,53.84
23.0,47.61
54.0,51.32
20.0,26.26
32.0,43.75
24.0,19.92
21.0,19.71
290.0,58.02
12.0,9.43
36.0,31.95
119.0,97.92
315.0,350.24
46.0,56.23
301.0,235.69
323.0,436.76
264.0,154.82
207.0,284.6
210.0,535.94
861.0,1082.24
1221.0,1014.49
578.0,615.29
616.0,786.62
3450.0,4075.44
227.0,206.23
3.0,5.0
9.0,17.42
50.0,57.8
120.0,116.48
161.0,453.77
786.0,980.35
4368.0,3428.18
106.0,109.12
80.0,90.57
73.0,87.61
104.0,79.09
62.0,47.11
4.0,4.45
26.0,64.99
58.0,27.67
32.0,28.49
119.0,78.12
35.0,56.88
26.0,45.72
10.0,12.05
82.0,30.03
44.0,34.57
24.0,34.76
48.0,45.32
32.0,31.86
10.0,16.52
21.0,23.04
9.0,19.65
25.0,14.09
10.0,12.24
105.0,96.75
29.0,29.8
169.0,115.55
44.0,41.47
92.0,93.61
458.0,568.26
646.0,646.04
392.0,412.15
954.0,610.85
371.0,404.62
1518.0,946.29
829.0,697.15
982.0,624.16
460.0,349.19
191.0,282.53
212.0,190.62
602.0,466.66
78.0,59.21
256.0,286.28
80.0,145.9
335.0,249.38
63.0,66.98
149.0,142.6
220.0,173.36
241.0,181.69
99.0,157.25
133.0,179.32
79.0,91.35
115.0,113.09
76.0,113.59
259.0,86.14
69.0,79.04
82.0,91.64
70.0,50.95
69.0,82.69
40.0,87.11
85.0,107.24
51.0,77.52
35.0,111.25
91.0,79.66
65.0,122.59
115.0,110.6
75.0,77.95
52.0,41.3
75.0,124.67
255.0,200.19
48.0,64.86
104.0,138.12
33.0,97.86
30.0,51.98
150.0,30.98
3.0,8.98
23.0,19.47
7.0,15.15
10.0,14.94
9.0,12.49
26.0,22.67
162.0,189.66
36.0,43.51
19.0,28.86
19.0,28.52
26.0,36.64
27.0,15.4
13.0,21.75
42.0,56.92
35.0,43.77
132.0,57.93
9.0,11.05
65.0,94.87
7.0,11.98
126.0,153.89
275.0,424.42
297.0,524.59
304.0,416.99
330.0,327.3
210.0,306.04
273.0,291.61
235.0,428.4
513.0,610.73
346.0,772.36
411.0,392.96
607.0,758.99
246.0,364.74
1007.0,1103.79
1654.0,1612.55
3427.0,2485.08
133.0,145.27
591.0,817.42
336.0,315.0
581.0,584.98
653.0,298.99
292.0,327.1
258.0,296.79
118.0,418.61
103.0,119.32
152.0,109.99
100.0,98.82
104.0,107.05
61.0,84.78
192.0,165.66
143.0,147.36
199.0,274.55
224.0,297.16
169.0,291.11
310.0,314.05
446.0,332.07
131.0,270.77
345.0,403.25
29.0,36.23
86.0,55.49
55.0,44.91
23.0,28.85
55.0,43.88
60.0,100.28
73.0,89.66
54.0,50.16
47.0,68.98
72.0,67.67
8.0,21.38
148.0,45.02
49.0,33.79
62.0,73.58
38.0,32.76
11.0,13.7
34.0,25.93
13.0,15.5075
7.0,9.38
9.0,13.92
3.0,6.14
54.0,61.51
74.0,63.84
107.0,92.01
65.0,71.56
92.0,54.72
105.0,66.49
1000.0,1000.36
255.0,401.04
588.0,858.43
880.0,749.15
620.0,677.92
357.0,161.34
291.0,340.98
290.0,195.22
341.0,334.35
184.0,271.55
893.0,901.45
58.0,100.83
154.0,208.92
142.0,134.49
31.0,56.03
455.0,353.89
53.0,52.65
171.0,157.05
155.0,166.78
199.0,235.47
363.0,312.82
54.0,83.94
27.0,31.65
57.0,75.81
28.0,32.49
24.0,18.74
31.0,42.35
86.0,49.03
13.0,20.98
30.0,55.49
37.0,34.98
38.0,72.43
30.0,69.93
73.0,88.67
62.0,107.19
322.0,78.67
52.0,56.24
40.0,53.85
84.0,136.12
35.0,29.18
18.0,43.01
116.0,23.14
13.0,10.74
28.0,33.67
97.0,119.3
5.0,8.72
3.0,7.29
51.0,8.95
16.0,20.05
15.0,18.26
7.0,14.75
5.0,7.82
53.0,65.63
18.0,19.5
34.0,27.73
10.0,17.5625
17.0,19.46
20.0,37.97
38.0,44.79
28.0,49.73
41.0,40.87
14.0,30.45
16.0,11.02
57.0,74.18
6.0,9.21
129.0,135.97
179.0,291.04
245.0,372.36
220.0,512.7
211.0,393.93
707.0,479.67
870.0,689.34
880.0,515.34
244.0,496.77
230.0,278.38
348.0,406.5
850.0,1134.71
1100.0,1093.88
1488.0,1940.15
760.0,803.25
1120.0,1167.08
1683.0,1062.56
2761.0,2574.38
62.0,148.27
490.0,674.25
212.0,343.28
824.0,1034.18
484.0,413.52
249.0,298.66
98.0,116.84
48.0,64.03
108.0,160.37
198.0,117.64
78.0,130.38
121.0,158.5
150.0,169.85
842.0,124.59
64.0,121.9
167.0,214.23
73.0,121.1
152.0,185.58
123.0,210.56
410.0,348.49
261.0,215.51
242.0,341.6
168.0,355.44
259.0,244.96
355.0,281.44
85.0,57.45
25.0,53.54
27.0,48.38
55.0,47.65
50.0,42.22
92.0,134.41
49.0,68.53
26.0,33.91
66.0,120.22
100.0,77.32
207.0,61.51
125.0,130.33
48.0,66.19
90.0,58.19
34.0,23.28
20.0,15.79
89.0,66.73
21.0,30.13
48.0,41.56
36.0,29.94
18.0,20.99
35.0,53.83
92.0,41.65
26.0,15.48
8.0,9.49
22.0,23.17
6.0,6.19
4.0,3.01
3.0,2.61
62.0,83.66
27.0,63.38
115.0,141.84
451.0,675.36
46.0,53.77
4877.0,5434.61
2142.0,3215.83
3045.0,2225.58
1075.0,995.53
1217.0,1554.63
2321.0,1816.7
872.0,962.87
1274.0,1580.53
1138.0,1681.3
636.0,559.5
127.0,105.75
820.0,949.62
986.0,600.27
784.0,702.36
852.0,678.96
986.0,1132.66
73.0,94.37
101.0,50.89
136.0,173.02
299.0,409.47
256.0,172.54
485.0,145.69
146.0,235.3
197.0,158.92
103.0,151.05
93.0,92.59
149.0,137.05
214.0,263.77
249.0,302.13
492.0,378.49
68.0,112.67
47.0,79.91
129.0,131.67
27.0,30.72
37.0,33.45
156.0,80.04
24.0,20.7
47.0,65.15
3.0,22.56
9.0,19.07
41.0,31.37
49.0,68.01
105.0,96.61
148.0,201.06
1151.0,666.55
613.0,517.66
1661.0,283.7
359.0,357.72
730.0,1029.9
143.0,255.34
124.0,234.79
329.0,317.52
47.0,70.71
276.0,326.55
87.0,124.84
51.0,87.76
49.0,71.04
28.0,41.71
64.0,62.61
27.0,32.47
95.0,78.63
31.0,40.38
22.0,28.84
79.0,57.66
48.0,64.26
55.0,68.62
56.0,53.5
52.0,52.94
25.0,31.72
40.0,44.18
17.0,19.17
77.0,43.49
33.0,16.42
38.0,33.81
10.0,6.93
12.0,7.81
11.0,16.25
6.0,9.13
24.0,22.88
7.0,12.17
26.0,25.05
8.0,11.17
11.0,11.363333333333333
9.0,11.3
43.0,69.63
15.0,22.19
113.0,29.01
16.0,26.15
11.0,10.17
88.0,76.86
99.0,83.69
79.0,104.14
660.0,344.36
276.0,346.8
650.0,412.15
565.0,350.58
995.0,453.34
812.0,523.78
734.0,357.77
639.0,724.03
465.0,1017.81
570.0,693.46
1888.0,1201.43
1350.0,1815.84
1600.0,1788.61
142.0,47.93
219.0,442.41
689.0,304.26
1007.0,2606.03
135.0,158.97
100.0,162.29
97.0,113.05
76.0,115.17
93.0,44.95
155.0,208.66
48.0,98.57
130.0,132.51
66.0,67.6
102.0,86.04
150.0,166.06
180.0,180.38
122.0,114.4
252.0,211.44
194.0,155.93
230.0,79.59
52.0,50.14
49.0,41.44
12.0,11.99
37.0,30.3
17.0,35.14
106.0,73.07
71.0,53.99
32.0,47.37
50.0,47.7
30.0,30.02
48.0,55.9
15.0,30.44
54.0,60.2
42.0,51.63
15.0,10.69
33.0,26.18
23.0,25.17
21.0,25.89
20.0,26.1
14.0,14.79
28.0,15.46
10.0,8.98
5.0,15.49
8.0,8.77
76.0,31.17
8.0,4.32
6.0,5.994166666666667
2.0,2.78
61.0,54.97
20.0,33.0
115.0,67.15
390.0,552.13
100.0,87.04
14.0,30.38
457.0,928.36
2452.0,1486.3
1286.0,1266.15
1118.0,760.51
1298.0,1303.61
852.0,894.19
781.0,906.8
696.0,478.08
720.0,560.25
284.0,469.65
424.0,407.62
315.0,187.98
498.0,337.65
1069.0,1083.44
131.0,276.96
395.0,339.03
166.0,206.87
108.0,87.81
156.0,202.49
172.0,111.19
116.0,113.26
171.0,166.24
214.0,213.14
169.0,209.06
415.0,236.75
137.0,250.82
256.0,339.99
204.0,228.55
40.0,53.77
34.0,33.6
19.0,42.45
16.0,24.06
26.0,38.32
28.0,26.54
18.0,29.25
44.0,30.56
53.0,21.31
66.0,45.91
21.0,33.66
49.0,58.52
104.0,51.62
35.0,44.29
94.0,45.63
49.0,62.57
43.0,81.41
52.0,61.0
23.0,56.77
66.0,48.84
54.0,34.94
85.0,57.91
96.0,68.42
80.0,100.16
29.0,36.98
15.0,11.94
45.0,58.56
181.0,59.7
24.0,20.55
19.0,28.24
11.0,14.39
6.0,7.71
17.0,12.98
3.0,3.13
12.0,7.06
11.0,19.07
7.0,9.02
16.0,14.23
5.0,12.06
11.0,10.7
16.0,12.74
11.0,10.4
9.0,17.34
5.0,8.29
15.0,18.68
19.0,23.95
19.0,14.59
74.0,73.23
11.0,15.48
23.0,42.86
12.0,16.9525
13.0,28.235
24.0,32.54
17.0,21.66
39.0,25.21
18.0,21.35
19.0,36.46
26.0,22.33
12.0,31.55
42.0,31.64
17.0,30.96
41.0,48.27
25.0,44.41
41.0,115.75
502.0,381.31
202.0,279.59
335.0,402.17
168.0,383.95
238.0,344.27
269.0,430.68
196.0,356.4
237.0,391.9
512.0,279.78
355.0,474.12
496.0,631.56
480.0,475.02
216.0,224.17
207.0,322.96
527.0,474.52
255.0,508.84
80.0,114.55
757.0,608.02
779.0,746.72
1929.0,739.93
421.0,629.46
1578.0,1104.76
643.0,940.85
1173.0,936.79
476.0,635.88
1200.0,1465.08
2805.0,1165.05
1282.0,2345.17
535.0,552.1
512.0,318.5
333.0,428.19
119.0,148.6
213.0,262.31
83.0,78.71
80.0,112.95
80.0,78.48
69.0,80.94
255.0,124.74
170.0,70.28
147.0,76.46
254.0,139.04
164.0,246.91
168.0,91.11
111.0,153.78
78.0,77.84
127.0,215.97
34.0,64.53
275.0,207.94
352.0,290.97
387.0,196.75
182.0,156.05
198.0,342.92
80.0,96.17
380.0,404.97
148.0,244.64
194.0,303.13
103.0,124.33
207.0,216.55
167.0,200.68
236.0,305.51
197.0,234.37
743.0,274.14
101.0,51.29
240.0,140.59
316.0,30.28
52.0,65.62
83.0,77.36
92.0,79.27
84.0,107.2
25.0,48.36
117.0,144.6
50.0,60.28
135.0,61.03
104.0,67.01
43.0,94.31
119.0,139.42
309.0,136.8
18.0,28.53
87.0,118.2
27.0,29.62
9.0,14.42
17.0,30.61
240.0,222.93
6.0,12.07
6.0,8.74
6.0,9.4
6.0,11.95
49.0,16.03
7.0,13.91
31.0,47.78
20.0,24.56
26.0,34.93
21.0,34.24
24.0,32.46
157.0,40.99
24.0,38.31
25.0,28.59
27.0,33.11
18.0,24.84
108.0,149.77
281.0,374.25
166.0,182.37
237.0,169.69
284.0,498.7
113.0,104.37
83.0,141.71
379.0,345.46
182.0,284.48
224.0,343.81
285.0,323.48
444.0,504.53
419.0,648.47
614.0,952.78
591.0,587.13
521.0,950.08
1285.0,1158.93
2020.0,2351.67
2927.0,2227.09
1379.0,1086.34
201.0,218.91
564.0,1084.6
269.0,281.25
260.0,270.97
103.0,99.87
352.0,156.67
149.0,105.01
200.0,229.12
44.0,104.34
53.0,155.76
47.0,77.94
245.0,223.75
102.0,130.49
117.0,185.28
91.0,135.97
89.0,123.05
125.0,205.35
280.0,263.73
659.0,479.79
294.0,228.37
83.0,49.12
49.0,33.37
13.0,13.1
19.0,44.8
20.0,31.98
12.0,30.41
25.0,27.14
30.0,16.61
16.0,32.06
24.0,35.47
54.0,52.82
27.0,43.84
64.0,66.56
24.0,39.35
40.0,45.42
31.0,54.9
40.0,69.48
18.0,39.72
13.0,16.08
15.0,49.61
26.0,18.35
4.0,5.78
7.0,16.79
4.0,3.56
5.0,6.25
7.0,10.7
43.0,145.61
15.0,14.73
6.0,29.45
10.0,10.58
8.0,13.02
10.0,17.51
12.0,20.34
13.0,36.58
24.0,17.6
15.0,25.61
19.0,15.34
22.0,22.82
17.0,19.09
11.0,12.3
13.0,29.84
43.0,19.887
13.0,20.8
13.0,16.3
50.0,76.36
194.0,51.42
39.0,68.99
136.0,413.71
386.0,384.97
334.0,721.6
274.0,223.19
446.0,688.43
714.0,614.07
284.0,347.95
488.0,1166.88
793.0,767.85
229.0,270.01
479.0,516.0
949.0,962.03
1180.0,1534.46
1322.0,933.42
1055.0,1082.64
776.0,1366.55
825.0,1185.77
1478.0,1447.9
2106.0,2812.1
92.0,114.76
606.0,858.62
218.0,352.45
327.0,491.37
88.0,147.04
97.0,105.05
133.0,249.83
41.0,47.03
217.0,223.18
149.0,138.06
68.0,127.73
97.0,124.59
421.0,148.7
70.0,78.74
176.0,171.57
117.0,149.81
97.0,111.4
57.0,128.83
217.0,206.98
48.0,111.36
149.0,183.59
48.0,121.36
53.0,113.88
148.0,193.44
230.0,135.24
163.0,204.31
53.0,141.99
59.0,42.21
100.0,63.91
100.0,63.06
31.0,55.4
62.0,57.09
67.0,76.13
77.0,77.95
19.0,33.31
78.0,102.38
80.0,72.66
26.0,22.16
27.0,23.83
18.0,28.21
40.0,36.37
26.0,31.5
16.0,33.25
19.0,50.44
47.0,27.24
33.0,39.69
21.0,22.75
6.0,12.79
7.0,12.063333333333333
3.0,7.73
40.0,44.3
40.0,42.52
72.0,55.04
730.0,941.99
126.0,115.18
7.0,14.63
1308.0,1161.37
799.0,1209.65
461.0,464.42
870.0,935.71
1240.0,835.19
788.0,1022.42
351.0,429.74
549.0,439.24
405.0,653.27
300.0,521.11
704.0,563.76
72.0,89.78
359.0,362.52
216.0,249.34
403.0,546.77
154.0,239.05
510.0,712.68
90.0,270.96
112.0,132.66
43.0,63.07
179.0,199.75
66.0,95.29
94.0,105.69
85.0,109.41
147.0,122.99
578.0,458.02
48.0,42.56
12.0,12.13
321.0,194.88
249.0,250.49
30.0,29.93
41.0,45.0
157.0,156.19
26.0,19.82
48.0,71.97
59.0,43.18
162.0,120.04
38.0,57.34
53.0,55.49
77.0,62.98
68.0,74.75
40.0,33.6
25.0,35.63
29.0,44.91
23.0,39.66
43.0,53.81
38.0,70.71
63.0,79.38
9.0,23.63
37.0,16.96
11.0,21.46
29.0,58.34
5.0,6.4
81.0,53.71
21.0,9.82
10.0,12.91
11.0,8.87
9.0,12.41
12.0,12.58
9.0,8.36
73.0,86.29
13.0,28.14
14.0,25.37
8.0,6.66
16.0,16.82
15.0,20.33
28.0,22.35
20.0,26.08
19.0,23.91
14.0,20.2
45.0,26.5
88.0,103.96
17.0,36.83
98.0,90.54
151.0,224.67
320.0,269.78
280.0,707.45
208.0,196.06
332.0,605.09
301.0,489.96
567.0,530.52
216.0,456.62
478.0,401.98
628.0,688.87
777.0,840.33
876.0,1242.19
1578.0,1283.15
22.0,71.79
2419.0,1986.55
1275.0,1426.45
2153.0,1818.42
7959.0,6216.58
456.0,564.4
127.0,273.89
1514.0,912.72
166.0,155.76
157.0,231.21
336.0,107.14
43.0,50.77
110.0,82.25
109.0,105.29
42.0,78.38
135.0,99.45
120.0,109.5
82.0,101.49
67.0,89.24
112.0,80.14
412.0,183.41
250.0,264.56
114.0,112.69
310.0,250.13
73.0,90.85
290.0,168.16
122.0,67.36
256.0,258.56
16.0,18.12
21.0,31.38
22.0,41.57
61.0,55.69
22.0,29.73
21.0,42.2
16.0,33.99
21.0,36.17
69.0,70.84
78.0,66.44
111.0,92.64
110.0,73.57
18.0,27.48
27.0,49.32
17.0,34.28
100.0,58.08
17.0,19.55
53.0,55.37
45.0,110.15
12.0,34.81
4.0,7.72
10.0,9.33
13.0,11.06
11.0,17.9
50.0,31.01
9.0,19.38
2.0,2.02
6.0,14.403333333333334
20.0,12.79
17.0,19.01
21.0,44.08
52.0,55.42
30.0,24.61
46.0,40.68
408.0,479.21
95.0,176.89
144.0,327.62
600.0,539.31
95.0,116.12
277.0,353.13
109.0,171.93
1311.0,662.97
94.0,171.4
320.0,275.91
627.0,523.01
766.0,640.09
368.0,529.07
685.0,680.95
676.0,1008.01
43.0,57.62
231.0,329.47
158.0,136.99
213.0,228.53
117.0,192.53
64.0,104.22
259.0,232.03
65.0,80.0
156.0,136.18
50.0,53.34
183.0,199.24
149.0,166.01
77.0,108.51
43.0,107.52
80.0,172.71
244.0,200.72
100.0,152.67
158.0,127.6
62.0,100.3
85.0,183.71
5.0,11.46
10.0,22.87
17.0,20.92
12.0,21.32
15.0,19.41
22.0,19.76
17.0,36.4
26.0,37.13
3.0,3.13
39.0,33.74
39.0,34.35
56.0,46.84
31.0,29.51
6.0,7.86
18.0,25.65
11.0,16.9
7.0,6.02
11.0,19.55
86.0,185.26
5.0,3.67
10.0,9.62
14.0,8.68
10.0,15.82
5.0,6.09
9.0,11.68
5.0,7.41
11.0,7.06
96.0,29.76
11.0,9.46
6.0,12.21
17.0,12.19
10.0,9.97
17.0,14.54
10.0,10.48
50.0,52.7
18.0,33.74
55.0,64.92
258.0,130.45
206.0,235.67
130.0,99.06
55.0,102.76
334.0,303.15
268.0,326.57
146.0,302.24
218.0,251.8
376.0,372.34
244.0,323.04
629.0,842.72
732.0,871.04
1932.0,1889.23
73.0,56.26
517.0,320.96
141.0,217.86
259.0,296.85
66.0,171.1
98.0,74.27
218.0,102.34
48.0,53.16
30.0,35.49
45.0,33.83
48.0,66.72
86.0,111.21
41.0,40.16
96.0,81.57
72.0,71.62
160.0,116.33
143.0,135.06
178.0,105.0
100.0,159.51
149.0,246.41
96.0,171.05
71.0,79.06
84.0,71.65
14.0,56.45
133.0,68.2
111.0,105.22
33.0,60.54
19.0,31.36
39.0,50.85
83.0,93.55
73.0,101.93
68.0,100.91
107.0,104.17
55.0,81.78
21.0,54.27
47.0,49.57
134.0,102.94
21.0,45.52
73.0,113.49
34.0,86.57
3.0,3.45
61.0,68.12
6.0,18.11
3.0,7.76
260.0,126.07
7.0,9.33
25.0,28.91
14.0,21.51
21.0,21.41
16.0,17.93
24.0,28.8
25.0,26.51
51.0,36.7
24.0,61.57
46.0,40.59
15.0,26.43
37.0,64.24
22.0,24.16
30.0,45.08
57.0,39.85
43.0,27.77
96.0,157.79
24.0,24.83
142.0,202.34
343.0,394.39
844.0,657.34
719.0,437.19
362.0,348.61
870.0,666.54
763.0,689.17
513.0,460.21
1163.0,1029.74
244.0,242.14
829.0,971.85
1094.0,900.55
397.0,402.62
1781.0,1199.41
636.0,377.66
930.0,625.45
1622.0,1200.4
2333.0,2742.14
297.0,146.31
407.0,726.73
74.0,126.62
259.0,580.91
220.0,333.2
113.0,154.33
250.0,305.86
42.0,75.08
147.0,200.82
302.0,144.81
286.0,153.54
171.0,194.42
148.0,113.76
249.0,179.93
70.0,186.37
193.0,291.5
85.0,121.83
172.0,258.15
336.0,222.55
97.0,247.44
308.0,333.61
176.0,271.02
149.0,180.61
245.0,196.3
38.0,87.71
69.0,43.35
30.0,39.23
21.0,48.15
37.0,48.09
23.0,32.14
196.0,44.16
84.0,49.53
58.0,55.53
141.0,91.18
51.0,34.45
40.0,37.68
19.0,43.82
39.0,39.93
60.0,78.85
82.0,51.77
22.0,50.06
35.0,55.27
27.0,48.65
91.0,93.89
59.0,51.8
5.0,7.3
26.0,33.0
2.0,7.84
13.0,12.43
68.0,103.77
10.0,20.24
9.0,9.29
11.0,12.47
9.0,13.68
7.0,13.36
14.0,12.46
19.0,16.3
14.0,29.16
41.0,19.62
19.0,23.65
12.0,24.14
13.0,26.86
7.0,19.02
16.0,16.43
32.0,28.1
228.0,100.89
695.0,239.75
21.0,24.68
143.0,144.85
166.0,251.42
79.0,122.07
312.0,552.53
261.0,671.38
464.0,556.27
576.0,705.97
100.0,136.59
237.0,390.77
928.0,792.92
358.0,441.25
1080.0,1001.65
407.0,722.8
1177.0,922.03
447.0,987.55
635.0,661.76
1472.0,1135.0
928.0,877.69
665.0,1686.15
848.0,1243.18
2121.0,1978.64
2054.0,2593.47
205.0,270.04
441.0,507.78
822.0,1008.46
178.0,239.7
60.0,66.16
156.0,200.74
90.0,100.36
119.0,263.31
71.0,165.79
94.0,91.82
80.0,141.03
56.0,106.85
88.0,84.16
40.0,78.61
228.0,171.25
152.0,134.07
512.0,544.44
294.0,211.08
127.0,139.79
472.0,295.95
250.0,550.41
144.0,383.27
222.0,295.73
185.0,214.99
101.0,55.09
40.0,31.53
95.0,37.7
54.0,48.03
387.0,45.18
14.0,15.98
19.0,30.82
9.0,11.87
8.0,18.42
8.0,16.17
36.0,105.37
51.0,35.08
83.0,102.86
46.0,40.63
91.0,144.58
190.0,242.63
90.0,179.64
166.0,76.28
111.0,211.69
114.0,182.33
176.0,225.45
45.0,103.97
64.0,137.33
259.0,227.69
159.0,185.26
1075.0,833.61
960.0,1430.61
4448.0,4234.27
32.0,22.03
54.0,62.35
16.0,29.21
352.0,521.4
152.0,105.13
13.0,27.5
37.0,39.0
25.0,28.14
27.0,30.61
86.0,34.19
30.0,31.9
30.0,62.5
85.0,62.95
44.0,53.93
48.0,51.9
53.0,49.24
59.0,57.89
140.0,52.16
133.0,66.05
64.0,68.7
18.0,18.02
57.0,37.05
4.0,5.23
16.0,29.51
4.0,5.44
4.0,8.31
45.0,37.52
8.0,6.61
7.0,7.63
63.0,18.13
13.0,19.59
36.0,51.87
12.0,13.42
14.0,17.51
11.0,15.04
618.0,357.49
9.0,15.556
19.0,15.74
23.0,21.51
19.0,30.59
73.0,72.72
62.0,60.5
160.0,54.43
71.0,54.24
231.0,282.31
138.0,219.09
215.0,337.79
390.0,197.6
594.0,448.13
231.0,342.53
896.0,471.39
212.0,296.7
241.0,289.92
1120.0,1074.66
2180.0,1243.02
589.0,846.65
859.0,1283.59
943.0,1035.18
1080.0,1368.15
168.0,75.79
1137.0,886.51
113.0,177.94
211.0,315.69
283.0,239.02
47.0,58.1
162.0,200.64
46.0,61.64
230.0,169.98
119.0,129.55
128.0,107.06
138.0,100.43
130.0,137.2
30.0,44.87
35.0,59.31
552.0,180.15
74.0,87.75
71.0,106.94
163.0,292.6
62.0,125.64
141.0,210.69
25.0,21.39
33.0,53.08
60.0,62.41
61.0,18.76
80.0,72.77
52.0,35.35
49.0,65.17
74.0,26.49
30.0,39.84
101.0,56.82
32.0,61.07
39.0,78.57
40.0,70.43
28.0,75.33
50.0,101.44
141.0,91.51
159.0,105.2
25.0,21.21
174.0,63.0
119.0,106.43
73.0,28.97
22.0,15.09
20.0,54.59
22.0,42.66
8.0,9.88
32.0,8.77
53.0,21.85
15.0,16.52
18.0,18.11
19.0,22.08
12.0,13.975
11.0,15.99
15.0,15.57
11.0,11.045
21.0,23.55
16.0,23.78
12.0,29.8
49.0,24.42
17.0,19.99
36.0,30.55
26.0,33.46
27.0,48.75
3.0,5.02
169.0,125.98
228.0,309.88
47.0,149.72
201.0,327.36
109.0,160.8
298.0,349.02
396.0,485.82
576.0,482.76
530.0,475.39
633.0,633.17
651.0,737.69
637.0,524.08
295.0,529.13
1209.0,985.42
513.0,1331.31
1716.0,1096.66
783.0,823.55
1389.0,1596.42
2357.0,1404.55
1838.0,1521.27
1259.0,1578.81
67.0,67.72
417.0,440.7
218.0,296.94
324.0,349.79
273.0,304.1
370.0,408.94
164.0,102.78
795.0,408.88
115.0,113.01
82.0,123.61
94.0,146.31
185.0,169.03
301.0,123.42
144.0,156.01
95.0,163.76
128.0,148.82
118.0,200.2
98.0,126.45
109.0,158.15
99.0,182.45
207.0,210.81
288.0,223.35
242.0,143.69
107.0,98.54
140.0,190.88
38.0,51.68
25.0,68.89
54.0,71.92
41.0,40.7
30.0,28.56
58.0,52.34
22.0,36.77
55.0,46.88
18.0,41.845
59.0,58.96
16.0,27.31
55.0,67.8
45.0,43.71
170.0,251.4
23.0,44.19
88.0,47.68
646.0,198.24
56.0,115.36
61.0,86.43
140.0,105.38
51.0,38.1
18.0,40.97
7.0,8.41
69.0,40.26
125.0,99.33
9.0,9.98
7.0,10.91
13.0,18.41
1.0,1.75
50.0,9.53
16.0,19.88
21.0,23.2
14.0,12.08
28.0,35.55
3.0,9.74
24.0,15.14
14.0,21.63
16.0,18.81
46.0,35.17
18.0,30.66
51.0,82.82
139.0,104.93
38.0,37.42
21.0,27.67
6.0,12.65
163.0,120.44
802.0,737.93
33.0,46.97
518.0,392.6
152.0,321.34
871.0,312.57
172.0,126.27
268.0,492.47
132.0,263.66
310.0,362.68
660.0,442.44
623.0,475.35
223.0,304.18
244.0,218.35
463.0,685.96
448.0,575.87
408.0,492.35
1854.0,1388.89
1031.0,1159.35
1715.0,1251.47
722.0,992.24
538.0,1236.53
44.0,44.28
410.0,658.09
274.0,406.82
2281.0,2031.03
350.0,441.57
92.0,135.44
333.0,304.95
147.0,156.26
254.0,232.85
465.0,206.87
85.0,162.2
48.0,82.38
87.0,195.32
72.0,115.89
228.0,267.84
112.0,109.05
256.0,286.3
191.0,301.75
505.0,380.5
218.0,254.07
840.0,302.49
165.0,240.43
210.0,203.51
148.0,318.11
96.0,137.67
177.0,193.97
42.0,60.96
26.0,31.28
61.0,53.88
48.0,53.8
56.0,66.75
88.0,48.21
30.0,55.78
49.0,62.0
29.0,65.88
49.0,44.98
60.0,76.91
40.0,40.23
216.0,106.89
66.0,48.34
160.0,105.26
141.0,85.2
79.0,103.16
47.0,35.81
49.0,36.52
21.0,48.92
97.0,41.12
14.0,20.69
27.0,28.4
79.0,63.59
11.0,13.19
3.0,10.56
9.0,16.67
21.0,20.21
6.0,8.84
12.0,13.76
17.0,9.72
12.0,12.08
13.0,16.47
14.0,18.3425
21.0,36.99
20.0,24.62
40.0,47.48
22.0,26.12
10.0,22.7
33.0,31.68
34.0,49.94
28.0,18.99
14.0,18.33
40.0,58.01
262.0,103.17
177.0,136.3
328.0,402.53
1983.0,547.39
318.0,403.58
587.0,553.87
724.0,332.68
434.0,616.88
1293.0,590.95
390.0,554.4
925.0,802.58
555.0,520.72
581.0,648.59
1416.0,758.18
1927.0,1324.21
2087.0,1375.41
698.0,703.2
413.0,99.54
3834.0,2802.67
1213.0,2429.6
2109.0,2519.09
227.0,260.35
275.0,309.45
1637.0,1811.5
480.0,418.15
327.0,386.76
20.0,37.48
38.0,78.79
106.0,85.14
93.0,53.38
113.0,185.86
142.0,198.02
151.0,165.52
165.0,118.25
195.0,141.29
148.0,141.46
272.0,228.39
172.0,114.13
231.0,293.56
50.0,73.01
173.0,123.79
90.0,247.91
267.0,222.14
257.0,268.36
25.0,33.82
26.0,30.71
23.0,35.11
34.0,31.75
9.0,6.72
32.0,22.47
25.0,48.5
26.0,24.58
128.0,36.9
123.0,81.31
51.0,54.4
50.0,51.21
100.0,74.56
20.0,32.72
135.0,107.76
19.0,66.96
19.0,27.21
117.0,175.02
20.0,27.05
95.0,81.23
6.0,11.42
6.0,8.19
7.0,10.09
11.0,9.26
16.0,13.98
10.0,15.2
20.0,18.62
7.0,10.44
7.0,9.9
21.0,20.01
11.0,12.42
11.0,14.785
10.0,18.54
24.0,25.3
27.0,21.18
9.0,11.24
115.0,51.53
24.0,26.58
48.0,42.07
136.0,165.75
776.0,476.92
312.0,342.98
372.0,641.06
439.0,455.43
697.0,879.16
709.0,889.21
412.0,403.73
1157.0,817.68
919.0,776.29
415.0,763.56
973.0,1063.18
856.0,1670.45
1586.0,1455.03
1191.0,1661.4
96.0,181.6
549.0,518.53
148.0,165.2
1003.0,795.4
412.0,272.52
553.0,165.8
28.0,55.44
100.0,66.61
96.0,94.02
58.0,96.98
57.0,95.23
101.0,139.96
110.0,103.73
114.0,103.85
245.0,208.57
137.0,166.26
108.0,109.27
144.0,195.79
51.0,60.82
117.0,142.49
317.0,234.59
194.0,126.97
40.0,75.56
18.0,40.14
26.0,55.42
50.0,50.45
89.0,52.01
54.0,71.04
32.0,43.48
44.0,40.7
35.0,37.5
17.0,11.54
13.0,32.8
9.0,12.9
24.0,30.58
23.0,20.465
16.0,19.74
5.0,7.88
15.0,13.64
73.0,87.79
32.0,26.94
76.0,89.49
21.0,58.04
132.0,64.05
93.0,142.59
681.0,384.95
734.0,631.35
502.0,589.64
168.0,344.72
108.0,207.66
394.0,291.66
409.0,341.97
349.0,260.21
102.0,299.67
256.0,135.17
192.0,253.2
472.0,242.48
150.0,142.73
104.0,131.76
48.0,82.26
90.0,174.88
75.0,78.98
96.0,135.99
146.0,163.49
30.0,32.43
45.0,52.1
4.0,5.95
14.0,16.366
12.0,18.95
60.0,52.74
39.0,45.31
67.0,62.17
73.0,47.84
105.0,174.84
213.0,302.23
273.0,376.1
744.0,487.26
1300.0,763.24
2254.0,1847.85
2888.0,1956.22
81.0,116.96
80.0,90.03
31.0,44.28
24.0,26.52
17.0,20.77
12.0,19.89
67.0,50.25
27.0,34.72
36.0,29.8
51.0,57.05
48.0,45.31
56.0,41.13
43.0,26.67
20.0,25.02
24.0,22.61
24.0,21.34
12.0,15.13
17.0,13.63
12.0,9.91
14.0,13.93
9.0,12.52
68.0,11.71
2.0,1.92
12.0,10.83
16.0,38.11
20.0,30.43
54.0,38.8
440.0,1068.84
101.0,127.42
287.0,151.83
1282.0,2073.34
334.0,420.67
687.0,606.01
833.0,623.49
513.0,591.21
689.0,831.07
227.0,197.33
845.0,666.04
671.0,568.74
256.0,160.53
785.0,366.65
928.0,1626.57
110.0,209.09
124.0,139.44
43.0,52.29
35.0,51.87
67.0,87.99
17.0,38.15
57.0,115.88
91.0,132.46
72.0,72.8
116.0,205.62
159.0,148.51
80.0,79.66
12.0,26.1
12.0,18.58
20.0,17.8
45.0,48.43
51.0,68.2
36.0,48.34
30.0,36.99
28.0,33.53
86.0,54.96
27.0,49.13
98.0,52.69
48.0,92.54
55.0,64.2
54.0,62.08
77.0,66.53
87.0,113.86
35.0,92.09
111.0,79.99
76.0,79.75
42.0,69.19
33.0,56.56
44.0,50.77
22.0,16.96
27.0,41.67
67.0,106.65
12.0,12.96
18.0,16.92
66.0,34.62
17.0,18.89
13.0,18.56
14.0,18.54
12.0,14.91
14.0,16.9
13.0,13.51
18.0,20.09
11.0,19.19
12.0,17.895
6.0,5.68
13.0,16.47
40.0,59.55
16.0,19.2
27.0,22.495
22.0,23.54
13.0,33.55
46.0,35.19
9.0,15.69
71.0,54.21
60.0,27.82
167.0,122.17
122.0,177.72
364.0,313.75
365.0,297.29
569.0,443.99
471.0,511.92
242.0,460.68
425.0,666.02
928.0,784.75
563.0,606.39
252.0,245.97
487.0,491.33
692.0,751.17
981.0,842.95
749.0,581.6
601.0,1256.63
392.0,797.75
1071.0,1069.85
2842.0,2670.73
4664.0,2878.45
28.0,74.54
742.0,761.67
235.0,264.1
776.0,610.83
93.0,288.58
261.0,206.99
96.0,79.79
98.0,198.65
141.0,112.29
74.0,124.21
102.0,105.54
80.0,176.54
93.0,146.12
125.0,118.53
48.0,148.65
40.0,73.85
126.0,178.78
220.0,209.31
246.0,175.0
365.0,260.88
122.0,131.51
90.0,198.56
246.0,265.82
257.0,319.09
199.0,250.0
58.0,133.56
205.0,149.36
65.0,69.42
82.0,57.33
30.0,47.59
252.0,17.5
20.0,35.7
24.0,56.14
48.0,93.08
58.0,65.98
75.0,48.96
52.0,49.31
40.0,44.79
41.0,65.47
13.0,34.67
114.0,104.39
21.0,20.13
7.0,15.0
12.0,20.05
13.0,19.81
9.0,14.66
26.0,26.46
14.0,14.07
21.0,23.25
14.0,19.21
27.0,38.94
20.0,13.45
19.0,15.39
32.0,9.26
5.0,3.67
126.0,120.1
29.0,28.16
73.0,108.54
73.0,89.38
135.0,123.29
80.0,92.02
1964.0,2114.41
1355.0,1390.34
620.0,1270.39
595.0,719.91
439.0,516.68
352.0,975.48
362.0,463.79
200.0,354.63
557.0,489.45
128.0,140.57
668.0,398.53
215.0,443.1
120.0,345.15
400.0,340.76
637.0,725.25
568.0,296.19
181.0,559.07
161.0,100.69
31.0,116.44
88.0,173.29
252.0,171.42
145.0,122.22
112.0,124.21
281.0,238.97
306.0,233.04
292.0,235.2
170.0,150.49
211.0,225.77
550.0,198.21
60.0,77.75
39.0,37.58
31.0,61.14
62.0,56.73
48.0,46.81
21.0,41.77
42.0,36.69
44.0,53.35
57.0,36.27
31.0,34.67
107.0,53.47
224.0,189.09
40.0,75.27
57.0,64.2
110.0,86.72
32.0,64.66
46.0,41.24
38.0,49.37
61.0,63.51
131.0,141.9
47.0,111.23
16.0,38.22
67.0,58.41
33.0,39.47
32.0,23.51
14.0,41.53
94.0,103.72
49.0,18.1
41.0,25.36
6.0,4.66
5.0,8.86
7.0,9.18
8.0,9.44
9.0,14.38
11.0,9.75
16.0,13.84
32.0,21.25
13.0,17.83
16.0,17.28
36.0,34.0
24.0,23.49
55.0,34.68
20.0,27.91
47.0,30.08
16.0,17.2
23.0,25.9
11.0,17.08
31.0,36.9
24.0,41.67
18.0,56.03
103.0,93.48
9.0,9.62
104.0,130.06
275.0,258.46
438.0,252.08
506.0,413.67
636.0,370.65
713.0,455.61
247.0,355.78
604.0,490.54
236.0,247.62
392.0,257.54
384.0,507.07
769.0,415.23
893.0,524.98
339.0,348.46
956.0,678.42
474.0,624.11
859.0,815.36
784.0,945.58
1259.0,1106.28
735.0,1152.59
656.0,1381.52
597.0,903.36
1170.0,2115.97
103.0,103.03
132.0,137.35
188.0,363.45
520.0,801.88
642.0,288.89
73.0,89.24
63.0,69.84
82.0,123.8
72.0,121.45
95.0,90.9
138.0,128.17
94.0,99.97
151.0,151.31
176.0,220.82
99.0,114.13
97.0,108.41
104.0,58.95
108.0,122.53
90.0,200.12
93.0,153.8
77.0,75.53
74.0,137.52
166.0,201.5
185.0,188.58
200.0,329.16
566.0,164.84
312.0,210.69
427.0,325.73
129.0,110.7
78.0,42.48
41.0,46.52
37.0,54.56
28.0,30.3
43.0,51.01
23.0,18.73
26.0,32.81
33.0,45.71
47.0,74.82
65.0,46.06
129.0,163.61
39.0,30.81
42.0,53.98
52.0,63.08
83.0,64.98
32.0,42.05
75.0,55.43
40.0,55.23
47.0,55.28
39.0,35.64
59.0,50.36
38.0,46.64
56.0,35.73
24.0,25.85
11.0,23.02
8.0,16.19
112.0,99.8
6.0,5.85
7.0,10.78
4.0,11.85
21.0,11.97
9.0,13.07
12.0,16.44
23.0,17.11
12.0,19.21
33.0,29.23
8.0,16.67
20.0,15.77
20.0,21.19
13.0,20.095
9.0,13.57
34.0,50.94
22.0,28.08
21.0,23.11
19.0,22.22
29.0,51.49
12.0,15.32
43.0,73.05
50.0,67.64
17.0,19.52
83.0,163.15
162.0,190.38
270.0,279.37
299.0,250.25
358.0,202.01
259.0,220.09
257.0,348.57
659.0,322.77
382.0,351.3
321.0,305.4
540.0,365.02
522.0,606.47
531.0,766.16
588.0,546.99
603.0,566.94
957.0,1028.84
2171.0,761.13
770.0,592.18
877.0,1105.23
1316.0,784.18
2872.0,1767.74
5668.0,3322.36
288.0,419.76
178.0,295.44
223.0,262.94
244.0,278.25
129.0,122.99
191.0,47.45
70.0,64.46
80.0,111.3
144.0,126.54
120.0,141.58
94.0,122.03
76.0,59.16
127.0,128.06
132.0,233.41
173.0,192.8
222.0,112.61
77.0,64.67
308.0,187.84
489.0,252.26
86.0,162.08
74.0,128.16
80.0,120.54
189.0,112.9
169.0,110.73
153.0,234.38
99.0,162.39
210.0,106.69
152.0,131.4
27.0,26.67
29.0,36.44
44.0,55.14
38.0,40.26
49.0,35.87
53.0,57.0
37.0,43.1
17.0,13.78
30.0,24.82
15.0,20.73
43.0,51.5
10.0,14.98
15.0,13.14
34.0,33.42
10.0,13.7
17.0,12.41
28.0,14.13
9.0,15.17
2.0,4.55
36.0,26.52
4.0,4.73
23.0,17.74
12.0,31.24
133.0,92.19
79.0,97.51
31.0,39.63
767.0,1219.43
584.0,856.54
931.0,1313.52
827.0,621.93
390.0,822.99
1452.0,600.03
419.0,366.69
275.0,350.58
136.0,234.69
506.0,347.01
158.0,159.24
47.0,70.75
32.0,38.74
45.0,77.94
142.0,131.41
72.0,81.26
25.0,54.71
182.0,146.31
130.0,117.05
104.0,110.6
94.0,120.57
32.0,45.35
20.0,42.82
8.0,17.98
40.0,33.61
34.0,35.93
93.0,97.77
325.0,243.42
318.0,377.55
593.0,432.37
870.0,548.32
693.0,931.09
2898.0,2123.32
73.0,57.26
29.0,26.28
29.0,34.4
14.0,15.54
52.0,33.86
54.0,42.26
74.0,76.07
44.0,45.89
33.0,36.46
44.0,48.09
31.0,38.82
33.0,27.62
43.0,54.33
57.0,64.86
55.0,38.73
54.0,54.36
30.0,25.39
49.0,45.59
20.0,31.02
3.0,2.99
245.0,45.54
78.0,72.09
44.0,20.48
6.0,4.02
2.0,6.91
3.0,4.53
9.0,14.14
7.0,10.15
37.0,27.32
7.0,9.46
10.0,9.53
14.0,12.47
6.0,11.61
27.0,22.14
22.0,16.46
18.0,21.22
14.0,27.45
10.0,16.58
98.0,82.89
182.0,156.01
55.0,76.42
261.0,301.33
147.0,188.28
332.0,264.33
385.0,349.55
166.0,244.73
210.0,319.31
339.0,458.71
735.0,838.35
882.0,741.37
1275.0,842.81
1242.0,1121.9
1059.0,1137.74
848.0,1134.46
1468.0,1537.63
2088.0,2316.49
152.0,243.9
506.0,294.33
2415.0,2150.8
95.0,179.25
104.0,90.76
34.0,43.12
69.0,59.84
37.0,88.7
39.0,38.48
109.0,111.51
111.0,86.2
160.0,157.33
135.0,54.76
75.0,105.12
194.0,137.4
107.0,175.88
99.0,233.84
79.0,69.62
99.0,157.11
158.0,117.65
77.0,167.37
473.0,369.9
25.0,23.97
99.0,62.78
63.0,82.9
43.0,77.06
52.0,80.05
90.0,92.68
64.0,68.69
52.0,76.51
36.0,68.43
66.0,116.17
337.0,115.09
97.0,97.6
53.0,51.69
47.0,44.18
75.0,59.76
14.0,15.21
31.0,27.35
55.0,67.34
35.0,70.12
6.0,9.43
8.0,9.32
52.0,29.83
15.0,21.73
16.0,19.76
8.0,27.815
28.0,41.67
58.0,78.26
23.0,34.15
30.0,37.82
8.0,21.43
87.0,29.1
8.0,17.63
51.0,109.44
21.0,68.88
65.0,116.74
501.0,544.0
344.0,421.93
217.0,395.45
321.0,284.07
495.0,308.72
61.0,59.03
147.0,229.45
257.0,344.14
476.0,582.36
333.0,569.79
277.0,725.94
924.0,604.39
720.0,850.53
1145.0,1315.32
303.0,506.58
554.0,332.82
396.0,464.17
200.0,287.82
240.0,217.57
98.0,84.71
125.0,135.77
244.0,180.65
73.0,155.34
127.0,304.96
145.0,153.13
139.0,200.48
387.0,269.42
233.0,285.24
375.0,404.51
308.0,166.31
130.0,241.27
195.0,283.81
385.0,470.54
286.0,165.88
511.0,149.47
83.0,71.67
53.0,43.2
12.0,10.7
96.0,157.52
117.0,109.03
70.0,110.0
46.0,37.43
12.0,11.3
43.0,71.05
44.0,50.72
12.0,32.83
36.0,31.94
114.0,123.71
8.0,12.03
4.0,22.36
21.0,30.13
116.0,97.64
96.0,109.73
143.0,102.96
1971.0,1640.93
320.0,474.36
205.0,374.9
376.0,304.03
50.0,95.64
393.0,244.89
174.0,328.68
168.0,141.08
284.0,603.74
247.0,237.22
350.0,311.24
165.0,97.47
160.0,222.02
278.0,235.17
162.0,135.0
148.0,126.51
340.0,266.47
48.0,55.18
109.0,123.36
40.0,64.17
34.0,27.81
35.0,40.79
41.0,52.21
47.0,77.75
269.0,115.92
105.0,105.98
86.0,129.14
30.0,33.77
5.0,8.09
62.0,110.49
59.0,97.92
252.0,103.56
43.0,44.61
92.0,88.38
84.0,45.54
67.0,21.12
50.0,48.79
747.0,478.81
1.0,4.38
7.0,14.07
7.0,9.38
25.0,15.66
13.0,16.48
13.0,16.96
60.0,46.8
10.0,16.41
19.0,18.109
26.0,19.43
81.0,27.24
10.0,19.0225
20.0,17.7
19.0,16.9
19.0,20.77
20.0,18.67
173.0,171.59
105.0,51.71
168.0,101.81
451.0,382.26
762.0,646.92
242.0,200.92
333.0,621.35
405.0,501.94
855.0,818.36
574.0,590.87
135.0,207.36
475.0,565.67
390.0,417.5
249.0,449.61
1704.0,698.1
1828.0,1930.14
1705.0,2073.41
2576.0,2632.81
149.0,174.19
199.0,498.39
268.0,520.37
881.0,595.12
171.0,149.26
301.0,360.65
435.0,178.94
157.0,170.01
97.0,106.93
136.0,113.82
57.0,67.47
342.0,241.96
310.0,265.19
148.0,245.2
169.0,219.25
110.0,211.26
149.0,272.99
258.0,295.52
215.0,191.43
541.0,260.84
412.0,277.71
246.0,245.48
21.0,30.34
15.0,37.97
31.0,24.91
39.0,66.12
40.0,43.61
22.0,148.39
61.0,54.23
73.0,90.56
18.0,37.13
34.0,34.69
38.0,38.82
55.0,61.37
61.0,66.13
106.0,53.91
127.0,133.55
10.0,28.05
46.0,31.59
12.0,21.03
3.0,6.5
33.0,171.11
10.0,16.07
37.0,63.17
5.0,6.39
5.0,8.98
8.0,7.96
8.0,9.49
18.0,16.61
16.0,26.34
20.0,22.39
9.0,16.784000000000002
23.0,21.04
17.0,23.975
18.0,23.38
13.0,16.84
23.0,18.99
11.0,26.4
26.0,14.0
27.0,14.01
23.0,19.9
57.0,98.93
20.0,25.04
33.0,38.58
352.0,513.47
495.0,524.84
772.0,651.1
415.0,491.7
85.0,92.53
706.0,733.08
358.0,841.78
260.0,433.07
1175.0,947.19
985.0,809.63
2314.0,693.53
483.0,662.07
1575.0,1277.83
1727.0,2033.82
1705.0,802.91
1487.0,2441.57
1885.0,1943.84
245.0,309.95
313.0,263.75
247.0,305.37
144.0,287.2
80.0,90.88
49.0,100.97
441.0,380.82
48.0,136.0
66.0,113.52
95.0,92.81
36.0,61.32
157.0,138.98
81.0,189.63
58.0,92.33
116.0,154.04
246.0,237.4
727.0,271.15
73.0,120.96
158.0,364.06
112.0,177.17
369.0,517.42
109.0,137.84
218.0,756.37
252.0,181.96
53.0,135.38
23.0,41.39
45.0,50.63
34.0,39.93
71.0,54.19
16.0,17.9
21.0,26.22
18.0,23.15
23.0,21.68
18.0,14.06
7.0,10.29
40.0,39.34
77.0,190.84
79.0,108.24
84.0,92.44
197.0,123.22
1794.0,1055.67
2015.0,1179.25
823.0,1505.06
585.0,598.65
372.0,331.73
525.0,659.27
496.0,321.77
181.0,299.14
136.0,130.95
171.0,182.25
94.0,93.78
171.0,131.54
332.0,405.95
109.0,73.52
20.0,31.56
45.0,47.63
131.0,70.65
157.0,128.11
81.0,148.61
108.0,133.51
368.0,421.08
527.0,668.73
55.0,138.76
67.0,66.84
36.0,26.87
103.0,28.52
29.0,40.56
81.0,55.02
31.0,38.31
59.0,59.87
73.0,68.47
41.0,72.55
82.0,65.15
73.0,69.58
40.0,76.51
47.0,41.35
72.0,106.29
88.0,125.18
33.0,59.2
29.0,20.24
25.0,38.82
140.0,138.93
64.0,87.09
8.0,31.58
10.0,9.51
16.0,16.254
40.0,18.08
11.0,26.21
16.0,26.71
15.0,27.3
22.0,30.87
13.0,20.9
87.0,218.31
27.0,36.69
39.0,35.91
20.0,35.78
121.0,66.01
117.0,60.77
11.0,24.96
62.0,94.59
375.0,556.1
410.0,298.02
333.0,561.67
161.0,434.16
424.0,694.6
1015.0,593.17
247.0,403.39
173.0,312.11
793.0,614.79
799.0,864.87
956.0,1114.59
715.0,918.52
5200.0,1832.64
3392.0,3161.96
803.0,1053.11
52.0,58.65
408.0,473.99
435.0,355.25
344.0,418.44
123.0,119.68
206.0,177.03
173.0,151.38
124.0,203.29
92.0,101.26
162.0,240.19
221.0,271.14
64.0,63.65
349.0,247.34
136.0,94.19
755.0,519.52
252.0,311.78
474.0,340.02
243.0,284.61
76.0,133.97
39.0,35.66
34.0,44.96
41.0,40.0
320.0,72.38
67.0,77.39
53.0,33.03
48.0,52.22
32.0,51.65
74.0,55.59
41.0,60.8
102.0,81.88
95.0,65.21
56.0,68.65
144.0,104.33
103.0,72.02
60.0,50.03
26.0,32.61
6.0,5.4
41.0,74.42
127.0,121.58
12.0,13.14
10.0,10.62
9.0,8.94
16.0,16.96
12.0,14.69
42.0,24.28
155.0,69.47
11.0,24.26
29.0,30.15
60.0,41.42
48.0,28.52
24.0,32.75
19.0,20.42
38.0,34.5
31.0,38.24
17.0,24.8
55.0,125.66
66.0,38.86
228.0,209.1
399.0,292.57
509.0,640.67
257.0,472.47
340.0,591.35
692.0,1307.47
458.0,446.4
800.0,647.78
332.0,411.32
911.0,678.53
378.0,760.1
1002.0,1480.44
1241.0,767.08
597.0,1224.82
2582.0,3629.67
421.0,153.57
488.0,380.28
138.0,226.65
487.0,793.16
170.0,303.97
345.0,318.64
334.0,239.73
110.0,225.8
267.0,249.59
146.0,238.44
101.0,136.05
402.0,270.12
210.0,478.49
299.0,432.96
121.0,121.58
367.0,223.28
196.0,266.79
109.0,183.35
159.0,250.9
290.0,114.56
113.0,258.19
306.0,334.44
83.0,76.51
108.0,124.05
50.0,73.15
30.0,46.89
4.0,2.96
31.0,43.51
80.0,262.25
35.0,43.01
41.0,104.03
27.0,32.21
39.0,37.18
10.0,12.94
15.0,22.92
9.0,18.24
19.0,35.37
14.0,22.38
16.0,21.74
25.0,25.11
10.0,12.67
13.0,28.62
7.0,16.69
25.0,18.18
86.0,83.58
26.0,41.61
45.0,93.61
155.0,219.9
115.0,114.4
88.0,80.61
967.0,995.77
852.0,1283.99
1116.0,1374.87
1696.0,1166.99
506.0,422.2
581.0,725.26
265.0,436.25
222.0,582.82
327.0,342.76
197.0,406.13
339.0,612.91
225.0,216.45
248.0,281.5
38.0,49.33
172.0,205.9
108.0,176.88
129.0,276.14
50.0,98.52
308.0,254.91
315.0,329.31
49.0,173.96
175.0,150.27
281.0,286.99
97.0,45.79
32.0,52.47
43.0,67.08
103.0,143.25
32.0,40.93
45.0,53.79
146.0,138.94
103.0,93.41
28.0,49.53
280.0,89.44
88.0,62.73
89.0,169.7
50.0,28.94
36.0,69.65
48.0,26.81
41.0,32.65
24.0,47.12
22.0,24.95
18.0,15.92
6.0,5.71
7.0,9.77
10.0,10.0
31.0,18.68
145.0,242.58
28.0,30.84
59.0,82.67
2906.0,2352.35
909.0,899.54
536.0,860.55
1174.0,1867.65
1145.0,1039.77
198.0,303.62
1116.0,855.36
137.0,131.82
124.0,259.09
415.0,318.91
344.0,392.76
384.0,422.32
404.0,532.52
257.0,362.08
215.0,432.29
367.0,285.25
303.0,460.93
147.0,232.63
240.0,258.77
176.0,213.9
82.0,90.32
145.0,104.35
110.0,216.34
31.0,51.06
48.0,36.54
46.0,37.67
33.0,30.81
25.0,63.45
73.0,109.9
60.0,49.47
78.0,80.41
35.0,79.67
26.0,30.87
67.0,233.13
19.0,26.96
18.0,18.02
14.0,18.91
22.0,26.83
39.0,22.98
14.0,19.84
10.0,20.36
19.0,14.725999999999999
25.0,28.12
10.0,10.26
13.0,9.45
11.0,30.53
213.0,158.42
18.0,18.79
67.0,91.57
22.0,31.76
46.0,92.58
96.0,94.38
1071.0,1124.39
773.0,615.14
652.0,1254.38
594.0,862.26
637.0,809.16
538.0,701.44
556.0,431.11
447.0,520.62
658.0,703.23
379.0,517.99
195.0,274.36
640.0,652.92
573.0,411.69
100.0,150.33
166.0,288.79
208.0,220.4
254.0,207.07
204.0,331.52
163.0,326.53
225.0,365.21
450.0,246.08
71.0,268.58
314.0,256.87
126.0,143.58
570.0,342.12
59.0,61.25
25.0,22.15
12.0,11.51
13.0,4.89
7.0,14.98
9.0,6.1
7.0,5.48
87.0,98.52
11.0,9.21
171.0,154.88
324.0,220.96
239.0,197.82
304.0,295.94
216.0,316.54
504.0,510.99
261.0,388.92
738.0,1096.9
2489.0,1852.29
1029.0,2115.65
70.0,73.82
43.0,72.06
13.0,20.67
14.0,18.565
31.0,29.63
25.0,43.85
1275.0,1438.67
257.0,336.13
560.0,646.2
1483.0,1553.95
81.0,127.55
20.0,22.11
36.0,44.77
34.0,45.01
40.0,52.05
107.0,47.7
32.0,31.59
62.0,68.67
45.0,80.29
40.0,47.05
84.0,63.61
74.0,61.45
45.0,51.58
108.0,60.65
36.0,49.6
104.0,90.45
79.0,78.65
37.0,64.58
53.0,64.84
14.0,29.11
24.0,25.38
18.0,30.67
416.0,197.29
1.0,85.42
3.0,3.75
27.0,25.53
8.0,19.06
10.0,9.93
11.0,6.97
23.0,27.06
8.0,9.07
6.0,10.96
16.0,13.06
8.0,11.42
13.0,14.4
15.0,16.97
17.0,18.87
18.0,19.82
10.0,24.36
80.0,29.69
56.0,74.11
2155.0,3329.55
32.0,79.57
724.0,881.23
340.0,670.92
595.0,1124.14
610.0,835.16
516.0,878.97
1292.0,1023.9
1351.0,1136.89
1616.0,1317.58
2549.0,1545.58
1762.0,2021.36
645.0,618.28
542.0,603.38
102.0,62.36
1308.0,1231.37
1139.0,892.1
1317.0,2255.21
1613.0,1885.8
673.0,421.84
792.0,583.82
2077.0,1108.1
436.0,544.7
384.0,602.56
93.0,67.95
62.0,92.29
218.0,171.69
179.0,202.54
340.0,229.76
130.0,177.21
65.0,88.23
340.0,225.46
123.0,234.9
243.0,297.05
201.0,414.26
247.0,445.15
370.0,492.71
255.0,856.69
603.0,418.01
130.0,124.83
232.0,580.99
26.0,34.84
23.0,43.45
36.0,50.26
14.0,8.27
51.0,64.9
60.0,79.98
118.0,65.51
22.0,43.91
125.0,93.53
32.0,105.32
10.0,25.14
17.0,22.19
25.0,46.48
20.0,25.26
37.0,30.39
25.0,28.17
18.0,28.63
26.0,27.9
12.0,27.3
22.0,28.73
23.0,39.79
33.0,30.67
24.0,15.62
13.0,13.57
10.0,9.24
6.0,13.3
48.0,81.1
11.0,18.33
174.0,117.1
24.0,49.12
53.0,68.01
79.0,115.71
5084.0,5791.42
1505.0,1572.84
905.0,1299.76
349.0,610.25
382.0,505.44
818.0,501.24
255.0,416.22
413.0,875.99
1073.0,687.37
584.0,567.75
384.0,468.06
115.0,233.17
213.0,299.95
1269.0,1195.97
349.0,1676.74
355.0,370.65
105.0,106.36
97.0,51.11
71.0,97.61
167.0,152.07
100.0,62.29
149.0,114.82
476.0,139.3
146.0,481.76
210.0,281.86
63.0,94.76
232.0,255.86
152.0,280.75
62.0,60.32
65.0,90.05
95.0,88.91
65.0,55.37
38.0,89.07
46.0,51.8
98.0,118.17
9.0,34.29
8.0,8.88
38.0,31.86
32.0,31.16
40.0,22.39
27.0,17.61
13.0,7.3
5.0,8.68
52.0,89.83
46.0,61.86
322.0,140.52
326.0,193.31
875.0,557.3
1027.0,2006.99
1319.0,1925.33
313.0,363.41
379.0,614.65
276.0,440.1
237.0,521.87
651.0,528.99
303.0,333.25
203.0,584.5
425.0,308.83
98.0,127.14
88.0,132.15
238.0,284.27
61.0,100.32
399.0,647.23
168.0,143.59
41.0,41.22
20.0,27.64
13.0,31.32
28.0,21.46
63.0,106.34
88.0,56.23
117.0,65.01
142.0,107.66
98.0,79.14
46.0,70.19
30.0,38.96
55.0,59.3
32.0,45.82
15.0,18.694000000000003
39.0,29.29
22.0,17.81
13.0,24.4
23.0,21.28
23.0,33.28
27.0,23.98
12.0,18.89
9.0,14.07
13.0,8.43
8.0,8.8
60.0,14.53
4.0,6.58
59.0,28.89
70.0,51.68
44.0,38.9
71.0,114.54
95.0,159.51
1241.0,1818.54
510.0,864.12
668.0,1033.12
208.0,333.45
635.0,633.29
226.0,440.6
408.0,344.7
205.0,165.68
555.0,543.01
208.0,267.55
336.0,371.29
227.0,289.63
198.0,244.41
265.0,331.08
346.0,254.99
153.0,90.51
124.0,313.44
106.0,113.27
70.0,73.66
287.0,345.62
47.0,80.2
64.0,113.44
282.0,178.66
174.0,174.12
219.0,321.04
271.0,259.65
201.0,121.72
40.0,66.15
96.0,47.81
21.0,41.93
91.0,107.57
47.0,51.81
62.0,44.06
30.0,42.6
23.0,38.0
57.0,106.86
108.0,80.62
90.0,72.56
125.0,103.97
105.0,102.28
176.0,129.97
52.0,72.61
118.0,89.04
92.0,103.51
45.0,88.78
25.0,21.1
34.0,41.56
4.0,4.71
14.0,9.95
19.0,55.73
6.0,9.02
12.0,12.37
41.0,29.18
45.0,66.76
16.0,35.57
20.0,35.31
17.0,19.2
58.0,51.0
78.0,83.81
55.0,47.59
32.0,28.23
86.0,87.53
32.0,28.96
34.0,35.8
56.0,62.21
137.0,179.42
93.0,95.38
467.0,490.35
203.0,223.16
649.0,693.23
308.0,627.8
474.0,446.61
114.0,174.95
476.0,734.71
513.0,770.32
892.0,1241.66
1875.0,834.41
1096.0,1189.0
898.0,785.96
347.0,838.37
530.0,828.52
3048.0,2500.72
1774.0,1219.64
2534.0,1511.3
3195.0,3525.63
1483.0,1360.67
244.0,775.58
555.0,457.9
320.0,341.69
57.0,85.43
196.0,238.94
545.0,592.82
287.0,305.34
110.0,144.51
226.0,284.36
270.0,298.24
145.0,161.6
389.0,217.94
173.0,133.08
600.0,410.3
257.0,160.21
595.0,495.5
271.0,427.68
516.0,273.25
283.0,433.14
547.0,524.53
178.0,233.12
63.0,57.48
50.0,39.44
5.0,6.03
107.0,148.61
13.0,20.29
5.0,7.74
53.0,37.01
11.0,13.78
13.0,8.89
33.0,52.1
30.0,28.48
133.0,73.02
164.0,169.72
110.0,105.89
53.0,77.34
115.0,95.64
152.0,206.22
144.0,87.71
194.0,161.71
594.0,707.92
510.0,720.19
1123.0,1222.44
1193.0,1192.75
29.0,54.25
9.0,9.24
42.0,49.05
91.0,80.54
79.0,109.68
71.0,100.25
110.0,84.6
217.0,146.41
174.0,272.68
386.0,518.59
490.0,645.86
768.0,841.69
167.0,147.81
24.0,35.83
24.0,42.47
49.0,52.08
31.0,43.49
29.0,31.66
31.0,54.8
97.0,50.44
44.0,58.71
54.0,58.44
151.0,202.64
57.0,94.11
40.0,50.07
23.0,57.02
67.0,32.65
9.0,9.73
15.0,18.68
32.0,47.51
33.0,37.91
27.0,29.48
17.0,40.04
16.0,17.19
8.0,9.61
9.0,10.72
9.0,14.93
24.0,173.91
97.0,73.15
18.0,12.66
4.0,10.63
2.0,3.76
32.0,60.3
38.0,74.95
40.0,50.2
50.0,54.0
91.0,125.0
1196.0,1606.79
1760.0,1438.31
1633.0,1269.4
465.0,589.99
300.0,357.5
1158.0,994.23
246.0,482.72
278.0,424.84
396.0,522.78
884.0,1013.41
563.0,1003.05
641.0,677.47
846.0,618.23
328.0,471.0
253.0,449.74
140.0,238.73
310.0,327.98
119.0,210.41
138.0,203.8
436.0,306.05
259.0,174.64
123.0,187.9
210.0,182.41
230.0,175.11
117.0,55.06
115.0,139.97
73.0,104.43
98.0,82.86
329.0,322.36
665.0,43.21
49.0,30.74
12.0,14.0
44.0,38.18
7.0,16.98
14.0,37.9
51.0,37.25
83.0,85.54
55.0,64.11
86.0,71.22
35.0,35.65
28.0,45.65
105.0,76.77
79.0,82.45
21.0,19.35
49.0,59.63
4.0,5.02
13.0,17.23
19.0,17.17
62.0,81.25
7.0,6.43
8.0,7.14
14.0,10.62
4.0,8.73
13.0,13.13
14.0,13.25
8.0,12.92
7.0,13.05
15.0,18.1
40.0,16.41
5.0,18.48
16.0,51.45
15.0,14.659035714285713
50.0,56.13
39.0,20.12
57.0,77.85
114.0,113.11
72.0,131.1
346.0,286.9
624.0,410.31
504.0,302.99
158.0,336.17
335.0,232.66
211.0,281.9
358.0,338.76
504.0,490.28
1152.0,776.83
648.0,666.92
928.0,773.1
270.0,622.01
440.0,692.11
91.0,89.69
417.0,681.79
176.0,231.2
134.0,539.13
99.0,99.57
46.0,71.05
207.0,327.84
31.0,41.33
146.0,105.46
97.0,88.2
42.0,51.92
44.0,69.44
49.0,64.34
25.0,65.56
44.0,90.69
77.0,131.57
284.0,331.79
264.0,251.41
295.0,225.82
127.0,121.24
112.0,237.0
66.0,64.55
34.0,39.72
70.0,87.76
27.0,47.07
67.0,83.41
35.0,48.37
27.0,25.15
24.0,39.36
77.0,57.62
25.0,48.51
108.0,54.26
49.0,51.84
65.0,128.77
28.0,35.61
80.0,76.94
32.0,45.07
76.0,80.85
29.0,40.88
28.0,48.08
78.0,117.38
34.0,38.39
39.0,51.47
39.0,34.94
25.0,10.49
21.0,33.11
46.0,89.16
10.0,20.15
4.0,6.42
6.0,5.04
9.0,6.74
5.0,5.28
12.0,17.96
30.0,25.19
12.0,19.93
20.0,12.91
31.0,39.62
18.0,15.63
13.0,12.16
22.0,29.31
30.0,24.71
23.0,26.82
12.0,17.37
15.0,25.51
15.0,15.58
29.0,30.13
24.0,33.76
24.0,17.02
39.0,10.01
87.0,105.68
227.0,155.7
60.0,43.68
699.0,276.24
330.0,223.77
291.0,303.14
196.0,311.31
206.0,134.56
410.0,240.99
251.0,432.93
162.0,344.38
194.0,181.57
165.0,228.96
282.0,331.07
381.0,508.77
417.0,559.23
584.0,520.87
290.0,363.48
478.0,594.54
866.0,871.8
637.0,501.46
684.0,1013.76
1440.0,1373.27
909.0,1294.4
247.0,103.21
166.0,170.25
796.0,296.71
262.0,178.08
200.0,177.8
51.0,48.89
103.0,88.85
71.0,116.41
103.0,93.2
120.0,110.77
108.0,182.46
155.0,80.56
58.0,107.42
58.0,68.28
123.0,80.37
42.0,58.56
72.0,91.46
135.0,157.95
185.0,101.35
154.0,192.99
77.0,101.25
162.0,177.37
86.0,101.12
141.0,116.45
168.0,177.55
145.0,139.4
205.0,130.26
32.0,32.57
177.0,224.38
50.0,103.04
185.0,147.58
31.0,44.22
95.0,102.92
53.0,48.01
14.0,31.99
53.0,129.96
59.0,63.78
45.0,56.45
36.0,36.8
3.0,8.14
31.0,34.33
33.0,26.35
27.0,24.98
19.0,22.41
936.0,134.0
13.0,13.93
13.0,19.25
33.0,76.55
98.0,17.9
8.0,11.83
64.0,93.64
36.0,52.26
180.0,148.02
28.0,38.27
213.0,178.87
122.0,151.97
2400.0,2544.48
1270.0,1717.61
960.0,1077.76
618.0,1296.98
579.0,632.2
326.0,625.48
427.0,542.7
333.0,333.54
702.0,675.61
11200.0,445.84
145.0,373.16
697.0,546.7
349.0,382.91
89.0,106.66
249.0,274.72
50.0,49.43
280.0,167.32
60.0,104.7
282.0,209.03
82.0,100.4
287.0,248.45
129.0,179.47
239.0,308.71
159.0,167.47
171.0,159.5
161.0,310.98
35.0,35.2
26.0,65.41
46.0,54.89
66.0,63.23
80.0,52.56
55.0,50.38
43.0,56.42
59.0,89.25
53.0,105.88
91.0,108.72
149.0,77.97
36.0,54.16
222.0,183.93
55.0,56.74
32.0,33.36
57.0,55.04
29.0,28.87
12.0,6.66
4.0,4.6
16.0,21.66
6.0,6.83
2.0,12.28
640.0,298.01
14.0,11.94
25.0,30.87
57.0,21.84
31.0,17.42
14.0,19.57
10.0,26.72
12.0,15.31
20.0,13.41
17.0,23.41
20.0,20.14
10.0,13.0
160.0,117.03
319.0,222.54
63.0,57.54
238.0,260.69
174.0,158.1
423.0,395.13
94.0,91.37
988.0,609.03
864.0,610.86
141.0,345.7
241.0,603.69
1496.0,621.97
824.0,649.65
1935.0,920.17
646.0,939.72
638.0,850.81
3720.0,1619.52
211.0,374.06
351.0,774.32
826.0,540.31
236.0,194.29
66.0,87.74
259.0,335.03
35.0,54.14
280.0,128.15
462.0,146.92
75.0,62.28
69.0,204.63
507.0,249.99
112.0,114.55
202.0,233.27
71.0,108.61
151.0,127.54
160.0,97.67
169.0,99.18
147.0,220.57
68.0,53.81
16.0,20.42
41.0,44.97
48.0,35.01
48.0,32.09
34.0,32.71
12.0,30.05
22.0,27.18
50.0,31.22
14.0,14.74
73.0,89.59
17.0,28.91
64.0,74.38
2461.0,801.52
90.0,156.1
1234.0,1065.09
517.0,1106.88
155.0,94.97
216.0,248.33
141.0,166.43
727.0,1109.06
171.0,134.95
102.0,108.43
113.0,117.13
63.0,79.74
286.0,280.17
38.0,50.87
17.0,33.71
56.0,40.71
62.0,47.22
24.0,39.16
49.0,76.25
51.0,53.4
81.0,67.81
60.0,78.21
21.0,27.5
75.0,63.81
20.0,34.5925
31.0,21.58
17.0,30.9
36.0,22.2
20.0,59.41
56.0,19.49
64.0,50.6
12.0,18.6
8.0,9.25
15.0,12.41
6.0,12.71
59.0,27.79
20.0,18.67
33.0,29.19
29.0,65.39
25.0,30.35
77.0,59.53
119.0,195.9
2189.0,2123.2
710.0,815.69
445.0,574.83
877.0,924.32
568.0,526.72
402.0,354.8
416.0,427.8
662.0,608.97
266.0,172.52
330.0,349.77
249.0,295.77
526.0,382.15
224.0,345.51
109.0,156.96
141.0,120.11
205.0,306.36
171.0,207.25
61.0,100.75
138.0,137.7
252.0,210.8
72.0,113.04
212.0,239.68
357.0,512.81
224.0,223.81
68.0,180.42
40.0,41.09
45.0,33.94
10.0,16.99
8.0,8.4
34.0,41.9
29.0,32.64
37.0,44.32
15.0,33.11
37.0,28.9
58.0,68.73333333333333
38.0,54.57
57.0,42.45
37.0,46.44
34.0,47.63
36.0,34.23
4.0,4.56
24.0,28.94
83.0,220.92
2.0,2.24
6.0,4.44
7.0,7.07
3.0,9.46
9.0,10.57
96.0,515.85
8.0,12.02
25.0,12.07
7.0,10.94
13.0,13.55
27.0,42.24
16.0,26.56
82.0,26.33
14.0,14.85
43.0,77.79
337.0,264.72
303.0,116.87
65.0,66.91
5301.0,3214.91
2971.0,1361.31
1270.0,1595.95
1718.0,842.48
643.0,487.43
430.0,603.04
973.0,968.79
267.0,659.63
566.0,439.51
1038.0,834.08
1601.0,435.18
190.0,437.17
738.0,782.15
85.0,145.07
557.0,611.14
222.0,363.58
49.0,57.22
96.0,284.91
561.0,338.52
93.0,96.7
43.0,79.87
185.0,175.93
107.0,120.33
63.0,156.02
80.0,117.48
72.0,167.51
191.0,180.95
143.0,91.25
60.0,91.97
178.0,234.09
54.0,109.34
24.0,29.43
18.0,27.88
56.0,73.04
48.0,17.89
28.0,36.44
54.0,66.34
48.0,30.54
178.0,126.33
22.0,45.58
90.0,77.92
48.0,44.26
18.0,35.85
126.0,87.58
78.0,78.93
48.0,36.59
31.0,32.74
158.0,46.5
5.0,5.602666666666667
14.0,26.66
17.0,45.71
9.0,12.33
6.0,5.21
10.0,7.2
8.0,9.44
7.0,6.89
46.0,34.46
17.0,17.79
13.0,16.07
15.0,14.39
23.0,40.46
16.0,13.3
22.0,20.18
14.0,15.68
21.0,35.46
26.0,28.62
89.0,103.29
14.0,19.54
127.0,110.53
667.0,483.71
234.0,644.47
567.0,634.4
646.0,393.16
144.0,205.05
320.0,244.51
341.0,583.26
773.0,670.43
722.0,584.95
701.0,648.28
866.0,821.78
619.0,368.22
1016.0,1631.43
528.0,926.3
886.0,1322.81
303.0,254.52
373.0,411.83
833.0,1425.89
289.0,385.27
166.0,767.34
157.0,175.27
147.0,148.54
178.0,159.37
90.0,183.02
249.0,229.41
210.0,144.54
40.0,51.88
180.0,163.21
54.0,89.5
136.0,135.33
295.0,230.71
131.0,142.26
200.0,212.04
59.0,101.11
414.0,275.3
31.0,30.54
22.0,53.71
34.0,40.02
22.0,25.86
19.0,19.74
47.0,65.17
91.0,73.31
44.0,60.51
95.0,89.0
46.0,36.52
123.0,92.51
47.0,50.97
45.0,32.04
16.0,16.71
148.0,151.94
23.0,28.78
30.0,34.64
17.0,32.36
45.0,29.37
29.0,29.85
39.0,34.54
24.0,21.62
12.0,16.01
17.0,17.34
17.0,8.35
16.0,9.85
293.0,183.11
38.0,27.3
104.0,86.2
413.0,89.14
75.0,80.95
660.0,1560.69
759.0,831.48
1270.0,753.01
534.0,392.55
654.0,690.81
435.0,489.5
226.0,427.3
528.0,355.85
255.0,367.84
338.0,284.61
179.0,271.35
163.0,181.29
280.0,273.79
694.0,386.06
164.0,248.02
234.0,167.34
101.0,72.36
91.0,70.34
83.0,96.7
147.0,151.75
101.0,97.1
93.0,86.25
75.0,141.91
165.0,211.61
43.0,148.93
116.0,181.08
43.0,72.21
72.0,78.11
44.0,50.54
50.0,53.25
47.0,60.98
50.0,53.99
106.0,94.13
89.0,64.86
16.0,84.29
65.0,88.08
69.0,120.07
35.0,53.71
30.0,57.29
35.0,59.96
65.0,68.98
30.0,46.44
67.0,83.28
21.0,59.37
11.0,11.63
37.0,40.25
5.0,7.32
10.0,11.93
14.0,9.19
34.0,94.64
7.0,10.42
7.0,13.02
10.0,13.26
14.0,16.13
19.0,16.34
19.0,17.82
148.0,66.4
23.0,29.26
20.0,31.64
12.0,25.05
39.0,35.49
28.0,39.13
132.0,128.66
201.0,197.68
59.0,85.08
251.0,385.48
238.0,333.37
232.0,417.07
371.0,591.83
677.0,662.89
221.0,590.93
484.0,1021.34
720.0,938.3
959.0,736.2
614.0,590.75
1702.0,1611.29
493.0,847.94
4306.0,2968.81
2273.0,1960.66
200.0,192.75
442.0,480.44
106.0,244.17
660.0,692.46
98.0,179.79
43.0,65.7
47.0,46.38
71.0,106.47
236.0,147.84
207.0,171.11
43.0,59.17
87.0,267.41
93.0,110.97
54.0,88.18
165.0,111.83
281.0,232.13
78.0,98.03
272.0,737.86
427.0,461.11
379.0,400.12
5.0,4.64
91.0,74.86
10.0,14.25
9.0,13.74
14.0,19.35
74.0,47.71
17.0,30.23
69.0,76.31
59.0,78.39
66.0,82.73
254.0,273.67
482.0,309.36
278.0,289.91
509.0,479.77
156.0,318.76
170.0,282.36
539.0,512.19
398.0,318.93
1809.0,1844.08
183.0,115.49
28.0,22.26
41.0,35.18
46.0,46.14
25.0,12.41
603.0,424.65
190.0,214.64
2666.0,2010.55
291.0,237.58
27.0,42.74
20.0,46.04
28.0,70.92
19.0,27.96
18.0,33.56
24.0,36.79
40.0,61.85
34.0,28.41
12.0,30.68
9.0,59.05
41.0,43.37
42.0,67.5
50.0,53.05
33.0,27.72
23.0,31.32
15.0,20.89
18.0,26.19
29.0,29.71
6.0,5.88
49.0,36.63
136.0,64.05
6.0,14.23
3.0,8.28
9.0,9.29
5.0,13.22
6.0,5.53
24.0,17.86
6.0,16.11
12.0,16.07
11.0,21.73
19.0,20.94
17.0,16.51
15.0,16.71
27.0,21.88
9.0,13.97
17.0,19.35
8.0,11.9
35.0,73.22
934.0,943.75
217.0,80.09
208.0,333.4
166.0,342.55
287.0,409.12
576.0,436.59
385.0,596.1
801.0,578.46
859.0,522.93
84.0,317.67
459.0,532.05
453.0,504.9
673.0,778.08
1381.0,604.71
590.0,1016.76
976.0,1414.57
2664.0,3127.62
2250.0,3169.59
264.0,392.77
212.0,293.56
60.0,70.6
151.0,192.01
178.0,173.38
98.0,59.55
68.0,101.97
127.0,164.83
65.0,125.84
185.0,114.79
168.0,176.06
118.0,126.65
25.0,82.94
155.0,146.93
77.0,113.7
54.0,70.0
60.0,165.71
226.0,339.5
209.0,471.74
127.0,121.32
348.0,372.31
17.0,24.49
56.0,41.99
85.0,48.6
41.0,48.82
36.0,42.03
20.0,25.72
21.0,27.61
40.0,44.0975
41.0,51.55
379.0,134.38
78.0,74.06
21.0,30.39
40.0,44.4
34.0,68.48
26.0,42.81
173.0,104.47
33.0,103.94
95.0,107.36
34.0,30.35
52.0,115.61
116.0,53.18
128.0,119.05
60.0,35.71
61.0,83.25
38.0,39.45
17.0,18.16
16.0,27.19
4.0,3.94
12.0,3.99
12.0,18.07
11.0,10.07
22.0,14.11
58.0,59.57
18.0,14.25
5.0,13.29
10.0,15.11
16.0,24.45
12.0,12.84
19.0,38.01
18.0,16.83
15.0,21.08
11.0,16.44
19.0,13.78
9.0,27.55
16.0,22.01
13.0,14.9
50.0,35.66
18.0,28.37
13.0,12.38
21.0,26.05
361.0,96.84
73.0,138.54
465.0,537.92
318.0,553.99
304.0,464.57
180.0,658.68
845.0,296.36
586.0,598.44
509.0,475.99
239.0,435.54
207.0,287.93
960.0,419.07
245.0,349.82
486.0,712.46
357.0,485.5
443.0,778.2
870.0,1203.59
100.0,64.94
760.0,471.98
513.0,1002.59
696.0,757.58
765.0,968.4
1673.0,2159.0
527.0,361.21
679.0,340.31
892.0,978.73
307.0,348.52
194.0,267.28
140.0,100.22
44.0,121.82
74.0,101.77
84.0,106.36
137.0,146.61
109.0,123.25
105.0,163.69
95.0,62.65
61.0,81.83
63.0,94.9
55.0,65.15
202.0,164.28
106.0,208.94
395.0,255.2
200.0,318.8
170.0,204.29
130.0,110.66
229.0,107.73
167.0,230.56
125.0,168.1
252.0,274.29
157.0,389.91
30.0,31.66
125.0,90.52
27.0,37.66
71.0,64.16
52.0,83.43
59.0,74.16
40.0,57.79
22.0,37.71
80.0,70.54
53.0,40.34
47.0,53.94
95.0,101.02
70.0,63.04
31.0,48.99
45.0,32.86
144.0,124.16
25.0,43.21
28.0,23.55
33.0,39.09
27.0,37.7
4.0,3.94
4.0,4.51
5.0,6.53
13.0,9.96
10.0,9.31
4.0,15.78
24.0,26.31
4.0,12.51
8.0,9.31
13.0,20.86
19.0,25.33
1.0,1.51
45.0,31.34
20.0,46.1
34.0,34.97
24.0,11.41
50.0,84.87
17.0,22.33
82.0,94.94
211.0,227.21
261.0,436.88
271.0,496.55
158.0,1204.54
451.0,438.4
1054.0,892.07
339.0,435.97
430.0,352.04
1173.0,842.58
1360.0,631.66
342.0,576.51
524.0,679.13
1123.0,1010.51
724.0,1633.92
8000.0,2948.76
34.0,65.34
788.0,599.83
606.0,477.9
911.0,742.85
167.0,169.02
616.0,348.55
42.0,48.21
101.0,112.4
96.0,108.86
194.0,122.69
113.0,159.94
600.0,147.0
85.0,59.27
94.0,72.7
216.0,230.73
265.0,168.58
240.0,227.19
202.0,231.04
549.0,268.91
57.0,93.06
120.0,224.34
506.0,136.61
81.0,59.27
35.0,49.24
66.0,75.33
33.0,35.23
103.0,36.49
16.0,16.76
47.0,49.42
48.0,48.22
52.0,58.15
74.0,70.81
21.0,33.94
111.0,91.75
87.0,127.69
87.0,188.88
40.0,39.97
109.0,87.14
168.0,56.56
76.0,88.06
97.0,31.71
49.0,56.16
16.0,20.74
10.0,13.06
17.0,21.59
4.0,13.6
2.0,2.94
13.0,9.24
78.0,81.13
9.0,9.7
15.0,22.32
19.0,19.11
17.0,18.65
13.0,15.515999999999998
18.0,32.83
15.0,19.16
25.0,23.12
14.0,13.03
32.0,28.62
11.0,9.94
21.0,22.76
23.0,21.09
75.0,35.37
33.0,35.84
77.0,32.76
101.0,30.64
68.0,144.0
100.0,90.95
68.0,93.71
391.0,387.59
92.0,119.08
277.0,327.35
567.0,353.24
413.0,347.12
348.0,427.59
550.0,447.78
550.0,434.76
493.0,396.8
244.0,320.22
160.0,224.3
456.0,537.68
369.0,495.77
796.0,818.53
539.0,579.19
578.0,1148.81
2080.0,1453.97
1236.0,862.5
84.0,76.44
1273.0,1049.11
342.0,351.99
305.0,260.92
553.0,987.48
370.0,371.64
50.0,52.19
117.0,133.19
165.0,71.75
144.0,173.37
197.0,139.15
129.0,228.84
260.0,296.96
51.0,85.78
235.0,276.84
167.0,136.21
174.0,123.86
174.0,131.76
174.0,180.03
200.0,129.07
156.0,247.51
207.0,202.41
128.0,191.04
111.0,100.74
109.0,205.73
98.0,93.34
318.0,220.28
58.0,82.21
60.0,72.79
46.0,87.71
47.0,62.39
31.0,39.28
74.0,55.59
98.0,65.57
48.0,71.84
107.0,120.4
91.0,79.38
70.0,59.37
26.0,70.87
67.0,59.95
127.0,110.05
75.0,117.16
55.0,88.37
128.0,128.68
17.0,48.85666666666667
53.0,70.25
27.0,57.51
18.0,26.59
13.0,31.28
45.0,67.15
1.0,2.27
16.0,3.76
6.0,2.13
6.0,6.37
9.0,12.9
6.0,12.55
20.0,10.24
9.0,12.44
15.0,14.97
18.0,17.87
25.0,21.38
29.0,26.27
31.0,22.54
15.0,18.2
34.0,38.19
26.0,28.45
28.0,25.94
14.0,78.72
81.0,68.94
31.0,45.44
138.0,69.64
245.0,149.15
259.0,268.15
349.0,484.32
477.0,510.9
260.0,329.97
293.0,561.52
319.0,544.27
753.0,694.6
664.0,578.3
402.0,549.08
240.0,414.5
535.0,570.01
551.0,804.17
395.0,346.66
811.0,804.86
1464.0,1678.09
2842.0,2512.63
3309.0,2079.78
2037.0,5602.01
500.0,515.19
477.0,448.88
450.0,450.11
406.0,478.19
311.0,306.67
85.0,56.24
109.0,162.84
34.0,68.32
278.0,262.43
169.0,234.58
185.0,115.67
227.0,252.05
60.0,110.38
397.0,257.21
118.0,229.02
149.0,270.19
224.0,391.59
202.0,317.65
546.0,390.47
208.0,236.63
41.0,46.31
84.0,90.92
196.0,318.24
315.0,383.84
45.0,63.81
305.0,297.36
350.0,185.25
38.0,124.31
101.0,104.69
67.0,78.11
69.0,56.0
44.0,43.68
23.0,42.6
48.0,53.29
28.0,19.16
45.0,39.54
31.0,41.52
20.0,36.8
39.0,44.94
20.0,41.93
60.0,61.32
457.0,434.5
22.0,23.07
8.0,76.79
360.0,252.16
46.0,45.62
140.0,137.63
152.0,146.33
84.0,137.99
1539.0,1983.16
1703.0,1235.38
409.0,859.47
1571.0,1369.72
637.0,651.42
1193.0,1216.66
884.0,922.33
762.0,542.29
890.0,870.59
752.0,723.58
869.0,583.39
506.0,521.23
508.0,481.61
440.0,423.77
395.0,386.76
312.0,400.68
277.0,362.16
291.0,338.0
377.0,382.57
240.0,379.79
206.0,292.38
148.0,117.47
273.0,328.3
30.0,18.56
13.0,10.94
29.0,38.15
377.0,323.01
274.0,396.96
480.0,668.55
110.0,78.64
31.0,36.37
24.0,22.71
128.0,49.18
50.0,41.4
36.0,35.98
27.0,35.13
32.0,44.42
31.0,52.05
54.0,56.46
41.0,70.05
42.0,33.29
44.0,53.73
44.0,72.56
93.0,77.61
111.0,179.98
64.0,86.22
109.0,133.62
31.0,29.49
67.0,40.66
10.0,24.89
17.0,12.7
47.0,42.76
177.0,139.46
2.0,3.01
6.0,5.62
46.0,53.4
7.0,12.76
16.0,20.5
22.0,23.7
15.0,16.55
63.0,46.36
8.0,5.94
28.0,18.76
17.0,18.5
24.0,27.75
22.0,32.09
52.0,26.76
28.0,28.8
19.0,17.16
46.0,46.39
28.0,22.27
133.0,140.1
718.0,642.75
141.0,145.22
192.0,329.19
269.0,257.11
489.0,444.92
499.0,409.05
297.0,404.48
495.0,442.0
508.0,552.02
693.0,643.13
825.0,828.36
588.0,666.7
1192.0,1048.8
216.0,625.55
2408.0,1792.78
68.0,87.79
827.0,970.36
544.0,1056.66
1633.0,1679.48
98.0,127.43
523.0,322.82
1020.0,746.44
244.0,291.62
246.0,351.77
117.0,160.0
85.0,163.69
85.0,117.18
204.0,182.57
193.0,144.77
100.0,131.31
196.0,107.5
128.0,82.62
31.0,53.57
267.0,221.63
215.0,190.69
245.0,356.17
139.0,312.91
97.0,228.81
171.0,324.1
155.0,119.04
272.0,192.64
260.0,215.33
29.0,41.42
60.0,66.6
36.0,45.22
26.0,35.36
57.0,72.59
34.0,67.77
35.0,73.77
88.0,96.96
60.0,102.99
112.0,114.87
81.0,73.18
38.0,183.36
29.0,46.2
45.0,64.1
21.0,34.46
27.0,22.14
49.0,22.34
8.0,6.28
28.0,24.41
28.0,28.54
12.0,18.01
15.0,19.26
8.0,21.71
39.0,29.33
15.0,12.15
6.0,14.62
27.0,17.81
19.0,15.16
18.0,14.89
137.0,216.17
17.0,38.22
112.0,140.94
32.0,39.18
241.0,196.05
103.0,143.98
4519.0,4858.33
3622.0,3196.57
850.0,1159.99
835.0,1000.99
550.0,536.55
931.0,1385.53
665.0,540.81
718.0,659.15
683.0,1133.05
551.0,498.0
202.0,342.76
240.0,355.26
431.0,486.4
268.0,439.34
899.0,788.64
244.0,563.25
342.0,267.76
210.0,242.9
242.0,250.64
141.0,229.35
96.0,123.99
262.0,296.2
275.0,275.41
168.0,203.82
169.0,328.11
401.0,247.17
133.0,139.83
314.0,423.6
643.0,230.13
397.0,432.64
29.0,49.99
18.0,22.15
27.0,45.5
71.0,42.05
52.0,61.29
125.0,63.92
26.0,41.06
144.0,73.76
46.0,41.77
122.0,36.77
26.0,54.17
120.0,70.64
79.0,61.23
60.0,84.97
156.0,126.33
85.0,107.77
15.0,30.26
75.0,99.6
92.0,71.36
87.0,113.59
154.0,141.59
25.0,37.43
97.0,98.82
10.0,23.27
22.0,20.92
17.0,17.96
7.0,9.4
7.0,6.85
7.0,14.05
14.0,15.51
10.0,9.83
21.0,17.24
21.0,47.71
9.0,11.0
11.0,23.07
52.0,90.48
19.0,23.105
62.0,36.68
36.0,28.56
35.0,25.31
19.0,35.08
36.0,38.99
25.0,33.87
35.0,38.86
27.0,35.85
16.0,28.91
115.0,70.68
18.0,31.66
33.0,42.43
115.0,52.3
88.0,130.81
88.0,76.41
39.0,55.42
125.0,153.01
82.0,146.08
159.0,371.96
476.0,393.5
385.0,417.52
231.0,263.0
142.0,242.91
338.0,534.28
628.0,464.04
652.0,708.35
246.0,427.24
330.0,587.91
794.0,535.96
621.0,1105.38
1270.0,895.6
413.0,410.83
3221.0,1692.05
1846.0,1815.49
1158.0,1256.75
1275.0,820.0
2863.0,2099.13
1917.0,2605.27
100.0,115.41
182.0,310.32
368.0,353.16
697.0,985.34
88.0,80.06
188.0,205.79
317.0,302.07
71.0,151.77
90.0,159.04
139.0,105.7
148.0,183.53
228.0,135.29
72.0,79.4
88.0,148.51
120.0,147.7
154.0,200.02
35.0,90.02
174.0,227.02
126.0,163.52
298.0,265.11
360.0,295.44
225.0,155.56
102.0,85.52
124.0,240.12
163.0,205.08
147.0,208.03
89.0,148.19
162.0,131.19
27.0,37.43
16.0,37.82
31.0,32.8
23.0,27.83
17.0,39.35
23.0,33.1
20.0,30.01
53.0,38.21
78.0,44.86
52.0,35.26
13.0,8.89
32.0,42.39
29.0,47.74
45.0,35.63
18.0,24.46
31.0,40.7
76.0,52.39
64.0,65.49
19.0,40.37
16.0,29.23
43.0,43.86
64.0,60.28
21.0,36.56
29.0,32.3
42.0,77.84
27.0,48.88
23.0,17.27
63.0,25.8
90.0,50.19
15.0,29.18
5.0,6.79
341.0,230.46
162.0,212.26
7.0,6.65
18.0,10.48
18.0,19.66
9.0,8.93
10.0,10.51
12.0,9.77
14.0,9.64
7.0,13.69
11.0,17.64
12.0,18.12
14.0,13.15
11.0,14.63
13.0,18.09
13.0,13.31
9.0,14.63
18.0,15.245
8.0,65.26
28.0,30.47
11.0,17.45
22.0,36.12
12.0,20.02
56.0,35.2
36.0,44.65
9.0,16.38
135.0,61.97
237.0,281.65
144.0,237.19
370.0,388.17
467.0,639.5
114.0,192.05
294.0,354.05
223.0,313.22
505.0,412.92
128.0,170.97
457.0,431.14
348.0,436.49
540.0,653.82
413.0,809.77
614.0,622.04
635.0,643.39
336.0,385.68
632.0,703.45
712.0,554.78
371.0,373.76
1188.0,1000.51
672.0,586.61
636.0,782.18
1459.0,1322.03
1726.0,2133.7
33.0,38.06
563.0,333.64
151.0,216.67
633.0,657.3
248.0,316.28
62.0,51.67
114.0,144.47
96.0,62.08
132.0,68.52
83.0,183.01
68.0,104.93
44.0,62.68
98.0,114.52
125.0,123.01
135.0,99.93
124.0,87.73
49.0,54.31
63.0,101.36
62.0,130.75
102.0,109.43
98.0,168.52
288.0,355.29
310.0,263.84
221.0,93.44
61.0,132.48
55.0,182.33
133.0,188.57
124.0,135.96
121.0,121.27
121.0,137.02
58.0,48.36
75.0,111.4
36.0,43.98
81.0,86.18
34.0,71.33
73.0,73.68
65.0,69.31
164.0,76.88
40.0,77.09
52.0,66.77
52.0,44.63
139.0,75.65
71.0,81.83
107.0,78.73
42.0,78.74
46.0,125.79
44.0,174.65
73.0,78.77
91.0,61.19
58.0,52.98
207.0,216.11
83.0,124.13
70.0,52.94
22.0,58.95
32.0,35.36
216.0,166.21
11.0,62.46
2.0,4.39
12.0,15.06
11.0,15.25
9.0,18.34
15.0,14.99
21.0,17.7
21.0,30.49
23.0,32.16
12.0,15.185
11.0,18.39
9.0,17.08
40.0,30.32
13.0,23.94
20.0,37.87
9.0,72.56
40.0,28.87
21.0,28.39
34.0,40.21
62.0,36.69
223.0,169.74
102.0,80.45
255.0,366.49
240.0,418.48
345.0,458.01
372.0,511.49
563.0,452.94
342.0,443.62
146.0,182.48
207.0,289.07
653.0,399.82
275.0,433.68
840.0,797.05
630.0,412.23
720.0,563.49
1175.0,1259.18
651.0,565.73
689.0,550.97
2068.0,791.54
2195.0,1668.17
2405.0,2234.77
289.0,136.76
307.0,405.77
284.0,409.96
230.0,237.16
594.0,487.34
168.0,166.28
206.0,266.08
97.0,99.16
361.0,188.86
378.0,292.92
154.0,231.81
61.0,115.64
205.0,218.45
132.0,121.38
172.0,199.22
288.0,276.11
241.0,122.08
122.0,121.68
172.0,238.92
155.0,202.81
668.0,331.52
116.0,117.85
46.0,113.57
312.0,289.39
88.0,99.4
153.0,145.32
53.0,85.86
22.0,34.57
79.0,50.75
25.0,49.22
36.0,30.59
4.0,6.24
50.0,57.11
45.0,25.09
34.0,47.8
9.0,8.77
15.0,18.42
62.0,44.98
57.0,68.32
164.0,60.63
47.0,44.6
168.0,156.07
1246.0,320.2
328.0,689.78
735.0,774.59
558.0,634.28
261.0,330.18
133.0,169.88
728.0,463.33
120.0,393.4
127.0,140.97
134.0,112.82
96.0,115.7
322.0,134.5
158.0,191.87
42.0,57.5
40.0,37.93
30.0,50.35
50.0,106.84
220.0,219.18
52.0,38.01
529.0,291.26
408.0,569.04
2504.0,1021.02
872.0,1223.52
339.0,225.91
32.0,46.73
74.0,36.32
48.0,50.0
46.0,55.68
8.0,6.44
56.0,68.91
46.0,53.92
72.0,64.33
47.0,49.53
86.0,170.76
60.0,98.1
126.0,80.98
155.0,107.51
120.0,104.59
33.0,46.31
87.0,106.18
96.0,119.42
118.0,74.08
96.0,60.99
49.0,48.63
140.0,125.7
30.0,35.55
12.0,39.64
35.0,34.38
141.0,141.07
2.0,4.9
7.0,22.18
18.0,13.21
50.0,31.04
108.0,196.37
9.0,12.86
23.0,14.31
18.0,15.36
22.0,26.335
15.0,18.84
35.0,26.15
20.0,16.3
41.0,22.48
29.0,26.17
24.0,20.58
17.0,30.68
10.0,29.28
45.0,34.21
54.0,48.54
15.0,39.4
41.0,43.2805
187.0,153.47
52.0,189.79
123.0,177.42
138.0,265.17
120.0,557.71
322.0,316.39
490.0,543.36
618.0,515.08
584.0,535.85
407.0,517.22
646.0,396.6
391.0,363.34
318.0,342.16
811.0,506.44
972.0,1204.99
743.0,899.86
497.0,392.44
900.0,769.59
292.0,574.44
1549.0,1229.86
483.0,754.21
1920.0,1037.56
70.0,83.26
415.0,545.28
409.0,186.6
276.0,596.28
715.0,484.69
386.0,503.84
77.0,130.64
116.0,91.01
73.0,87.94
108.0,189.08
339.0,283.7
140.0,125.79
167.0,319.08
321.0,288.04
304.0,357.55
289.0,128.68
439.0,368.57
293.0,318.85
322.0,329.91
275.0,427.02
147.0,156.81
473.0,436.84
239.0,559.35
352.0,339.22
269.0,292.66
90.0,192.85
264.0,296.63
24.0,25.48
80.0,77.2
38.0,50.54
97.0,93.02
56.0,79.47
44.0,40.89
56.0,64.0
50.0,42.91
75.0,50.34
35.0,53.32
81.0,108.75
17.0,22.85
83.0,84.05
75.0,53.47
40.0,68.55
71.0,99.09
99.0,57.8
50.0,59.03
52.0,42.24
122.0,88.61
431.0,116.31
42.0,53.4
40.0,69.57
112.0,74.87
84.0,91.1
156.0,137.38
31.0,129.63
13.0,32.79
45.0,69.33
30.0,32.89
10.0,14.79
39.0,48.01
21.0,17.09
3.0,3.8866666666666663
8.0,7.06
4.0,6.31
19.0,31.71
8.0,7.33
155.0,36.47
51.0,58.4
6.0,8.72
14.0,10.04
16.0,17.61
17.0,14.6
13.0,11.77
34.0,22.32
11.0,18.06
10.0,12.275
39.0,32.24
31.0,28.66
67.0,35.38
143.0,68.17
39.0,34.9
20.0,25.9
33.0,35.83
68.0,42.93
23.0,22.25
14.0,19.11
42.0,31.62
45.0,39.5
51.0,31.31
53.0,55.19
143.0,145.87
240.0,137.5
206.0,264.08
363.0,316.45
132.0,276.76
724.0,538.16
359.0,338.3
162.0,217.91
185.0,1192.82
639.0,337.89
257.0,410.44
449.0,530.46
261.0,461.29
694.0,698.17
711.0,458.06
654.0,600.99
185.0,545.05
1248.0,384.25
356.0,387.81
705.0,638.94
671.0,755.42
263.0,555.96
448.0,617.4
551.0,415.42
663.0,992.52
656.0,1148.33
2129.0,1445.55
892.0,876.97
621.0,965.88
1222.0,1644.39
10500.0,5073.44
410.0,405.44
379.0,399.48
1318.0,1886.91
201.0,171.96
188.0,575.51
80.0,73.34
348.0,179.47
85.0,108.42
295.0,166.71
218.0,132.28
145.0,171.56
225.0,198.35
226.0,187.26
99.0,153.52
149.0,221.45
197.0,243.79
51.0,115.26
227.0,233.27
167.0,150.86
238.0,241.09
54.0,78.68
268.0,269.71
396.0,353.9
328.0,357.66
185.0,123.15
273.0,278.61
642.0,724.08
263.0,278.63
308.0,252.36
149.0,171.81
144.0,153.67
207.0,216.36
288.0,205.58
165.0,201.31
26.0,31.58
58.0,92.87
13.0,30.37
19.0,31.44
31.0,33.84
45.0,88.83
54.0,28.47
24.0,57.67
27.0,25.1
15.0,19.74
56.0,59.12
20.0,42.89
39.0,43.58
18.0,26.25
23.0,53.49
39.0,34.47
22.0,50.03
31.0,33.9
52.0,42.0
24.0,20.52
69.0,51.6
25.0,43.81
15.0,31.87
14.0,17.36
28.0,28.86
53.0,60.18
6.0,5.28
3.0,5.59
5.0,4.1
5.0,7.9
41.0,31.44
10.0,9.89
6.0,33.54
11.0,14.75
3.0,8.22
11.0,7.88
21.0,15.76
12.0,15.17
19.0,32.32
7.0,18.07
31.0,24.64
44.0,15.13
20.0,53.79
18.0,15.76
19.0,20.31
39.0,30.26
8.0,12.17
81.0,73.4
74.0,129.55
68.0,82.84
159.0,341.74
213.0,278.5
213.0,222.18
93.0,196.63
133.0,225.84
335.0,336.72
389.0,246.21
139.0,255.84
250.0,382.91
305.0,404.39
236.0,231.65
400.0,425.71
199.0,391.43
364.0,408.87
607.0,608.98
1714.0,927.7
705.0,542.45
930.0,950.19
2061.0,1857.4
3524.0,4054.71
5729.0,6907.0
243.0,147.72
200.0,739.64
101.0,90.39
96.0,94.26
94.0,94.34
45.0,46.11
245.0,120.66
78.0,73.87
75.0,137.89
60.0,61.62
52.0,128.42
513.0,109.73
30.0,39.37
102.0,118.39
42.0,57.78
77.0,121.85
50.0,63.97
100.0,81.19
94.0,83.92
90.0,145.58
167.0,118.76
38.0,118.25
173.0,130.78
127.0,108.23
170.0,94.4
31.0,81.66
60.0,57.74
100.0,57.74
43.0,73.9
13.0,53.23
99.0,45.18
30.0,38.32
81.0,48.49
35.0,58.18
32.0,44.83
66.0,56.965
82.0,90.5
113.0,133.72
70.0,40.05
32.0,142.24
41.0,77.55
36.0,44.27
88.0,74.56
19.0,56.35
62.0,80.8
80.0,175.66
41.0,49.06
55.0,48.95
145.0,91.53
56.0,49.95
188.0,121.71
96.0,104.99
18.0,34.93
5.0,14.58
103.0,34.74
3.0,5.62
23.0,12.09
22.0,12.58
7.0,8.63
17.0,17.54
28.0,12.52
148.0,100.63
15.0,20.97
15.0,20.97
19.0,24.82
25.0,41.4
23.0,49.29
44.0,53.82
16.0,19.89
22.0,21.47
66.0,31.99
23.0,26.59
29.0,39.2
10.0,13.5
23.0,30.72
41.0,57.9
26.0,44.34
191.0,191.56
17.0,23.79
61.0,37.34
13.0,21.74
20.0,21.41
13.0,12.61
85.0,51.46
58.0,79.39
524.0,277.06
204.0,162.76
287.0,329.31
381.0,472.09
120.0,226.96
654.0,541.62
185.0,478.13
509.0,546.42
820.0,565.73
933.0,894.85
1064.0,955.68
975.0,1059.85
305.0,311.49
351.0,481.51
334.0,676.15
869.0,505.28
644.0,656.5
718.0,767.4
744.0,713.13
2057.0,1536.02
771.0,1069.46
103.0,61.87
2505.0,2762.03
1525.0,1621.94
2191.0,1598.06
1704.0,2500.52
822.0,978.6
485.0,297.64
1113.0,751.2
98.0,248.05
80.0,204.12
194.0,115.75
100.0,85.04
117.0,76.91
219.0,139.48
65.0,96.69
39.0,159.83
305.0,201.36
45.0,73.34
49.0,81.79
137.0,106.78
162.0,138.42
359.0,230.51
197.0,134.01
102.0,194.47
47.0,51.55
413.0,315.23
78.0,102.65
61.0,115.54
171.0,256.13
233.0,226.26
166.0,181.01
272.0,282.86
59.0,76.73
75.0,80.86
292.0,862.4
292.0,212.36
64.0,162.34
31.0,39.36
29.0,35.9
27.0,53.82
54.0,46.86
70.0,44.38
58.0,50.92
80.0,62.01
97.0,80.42
41.0,49.66
24.0,40.36
24.0,65.08
66.0,74.41
54.0,69.08
80.0,150.67
30.0,46.42
93.0,70.18
87.0,80.24
70.0,78.39
78.0,123.98
133.0,130.39
16.0,29.25
50.0,46.26
18.0,31.49
27.0,21.79
19.0,22.99
119.0,110.18
5.0,6.01
5.0,8.02
3.0,130.13
8.0,12.31
37.0,15.29
28.0,24.04
43.0,15.78
25.0,17.28
16.0,17.78
29.0,26.54
48.0,39.96
22.0,63.84
43.0,27.91
22.0,25.11
21.0,33.37
40.0,18.25
39.0,49.67
11.0,24.09
51.0,29.62
41.0,44.76
59.0,48.31
112.0,115.42
776.0,947.1
84.0,102.19
206.0,236.6
424.0,565.9
709.0,670.45
334.0,533.02
517.0,542.99
595.0,723.72
346.0,337.65
184.0,414.3
509.0,533.36
518.0,487.49
433.0,607.63
826.0,557.25
1078.0,677.11
1838.0,1297.11
1275.0,1133.1
990.0,1231.77
1429.0,1123.39
1241.0,1207.65
139.0,102.91
1054.0,1708.93
1260.0,1323.11
448.0,464.46
415.0,245.67
637.0,581.56
227.0,239.14
520.0,446.67
47.0,83.15
150.0,163.51
97.0,82.07
104.0,105.65
50.0,69.08
269.0,247.48
151.0,155.39
69.0,133.32
570.0,182.09
58.0,107.66
156.0,313.86
782.0,220.36
316.0,450.95
210.0,371.2
168.0,362.35
365.0,328.62
388.0,257.01
284.0,410.49
529.0,453.49
180.0,127.79
158.0,163.26
87.0,89.89
40.0,31.67
27.0,29.17
29.0,43.51
41.0,40.12
57.0,73.57
39.0,56.08
63.0,68.78
76.0,62.75
30.0,32.42
44.0,46.58
11.0,20.53
6.0,5.68
25.0,29.23
19.0,20.55
10.0,21.83
12.0,11.78
5.0,9.35
9.0,10.84
20.0,25.5
12.0,12.84
8.0,8.59
6.0,6.63
9.0,3.96
71.0,125.56
13.0,20.9
78.0,48.06
52.0,99.02
246.0,265.61
2457.0,5228.14
897.0,2035.84
1397.0,1017.54
1040.0,599.98
1163.0,1127.6
579.0,1105.36
1892.0,1097.2
674.0,765.58
660.0,751.85
520.0,423.34
177.0,362.26
2184.0,397.73
223.0,473.83
413.0,328.55
141.0,164.99
109.0,205.56
133.0,171.52
164.0,210.3
98.0,170.18
286.0,255.0
123.0,108.66
159.0,152.35
55.0,142.05
103.0,87.91
151.0,268.23
87.0,130.79
36.0,32.85
37.0,33.09
161.0,207.76
25.0,32.31
11.0,14.03
40.0,46.5
485.0,509.48
115.0,124.79
566.0,359.16
498.0,449.46
339.0,286.6
755.0,745.74
79.0,90.58
81.0,35.13
1.0,1.73
27.0,49.85
26.0,23.41
24.0,34.26
51.0,37.89
527.0,215.18
36.0,46.05
26.0,29.15
115.0,53.25483333333334
34.0,36.05
48.0,38.11
25.0,38.48
74.0,111.24
50.0,51.72
15.0,42.73
25.0,41.58
18.0,25.18
167.0,115.99
14.0,31.43
97.0,32.63
6.0,7.27
3.0,3.99
4.0,4.05
7.0,4.76
28.0,29.44
8.0,8.97
18.0,21.5
6.0,5.97
14.0,10.41
6.0,10.28
6.0,11.33
28.0,28.72
12.0,14.63
4.0,31.47
16.0,22.46
11.0,10.05
109.0,108.84
95.0,37.7
24.0,172.02
403.0,395.34
196.0,362.23
288.0,253.35
136.0,266.72
167.0,136.37
222.0,313.82
458.0,396.35
212.0,227.33
123.0,273.99
513.0,569.49
710.0,606.9
814.0,583.52
1537.0,935.11
784.0,871.6
2863.0,1722.41
132.0,74.31
114.0,394.74
627.0,521.28
408.0,716.22
119.0,88.55
276.0,275.83
146.0,156.43
88.0,105.2
30.0,48.21
78.0,39.74
76.0,58.5
128.0,147.81
168.0,141.54
114.0,85.24
28.0,58.21
220.0,136.5
176.0,226.83
139.0,97.76
1402.0,197.44
82.0,132.89
70.0,149.11
80.0,117.23
48.0,93.43
48.0,72.13
79.0,81.9
29.0,37.69
94.0,93.54
27.0,44.57
74.0,54.45
71.0,147.53
22.0,39.91
19.0,35.17
50.0,79.63
110.0,82.4
90.0,83.7
100.0,104.55
59.0,131.08
32.0,43.8
65.0,90.49
113.0,121.51
221.0,104.86
51.0,90.61
224.0,160.85
133.0,129.1
19.0,48.4
65.0,68.07
65.0,66.59
9.0,15.07
16.0,48.65
47.0,32.12
6.0,5.59
4.0,2.78
3.0,6.54
6.0,6.67
8.0,7.13
88.0,111.6
21.0,6.59
8.0,13.37
9.0,10.43
14.0,14.38
11.0,15.16
48.0,16.68
14.0,18.58
27.0,44.95
26.0,67.49
13.0,16.875999999999998
19.0,25.38
46.0,39.31
12.0,22.21
10.0,36.26
24.0,28.44
26.0,24.89
27.0,31.5
109.0,63.54
28.0,60.33
147.0,115.68
387.0,458.63
416.0,439.48
732.0,588.11
395.0,358.62
254.0,418.67
322.0,470.52
249.0,454.38
362.0,384.81
411.0,384.79
599.0,275.21
526.0,537.61
672.0,740.64
891.0,834.77
294.0,481.77
977.0,1215.34
1131.0,1094.97
1388.0,1677.09
728.0,660.32
1444.0,1781.97
1409.0,1048.24
33.0,56.06
1571.0,1296.04
232.0,315.61
269.0,486.77
1411.0,1554.78
596.0,439.67
370.0,329.01
70.0,54.26
152.0,103.84
461.0,126.2
142.0,162.53
44.0,55.26
83.0,129.6
227.0,237.97
66.0,146.86
168.0,112.83
113.0,174.33
93.0,106.0
116.0,114.0
230.0,163.64
120.0,255.24
276.0,313.78
70.0,144.25
368.0,254.3
364.0,259.37
198.0,246.82
328.0,156.01
221.0,187.02
235.0,245.8
204.0,319.06
68.0,94.13
53.0,42.63
28.0,43.61
52.0,51.3
49.0,59.43
64.0,72.31
55.0,51.54
56.0,75.99
58.0,38.07
211.0,108.16
54.0,66.78
45.0,35.08
99.0,110.41
142.0,65.92
67.0,66.73
95.0,58.36
60.0,88.86
98.0,109.4
147.0,127.87
50.0,39.59
110.0,54.66
40.0,115.77
25.0,17.67
43.0,55.23
106.0,105.47
7.0,7.85
4.0,4.26
5.0,6.32
10.0,13.44
11.0,14.37
5.0,10.81
14.0,17.19
25.0,18.1
14.0,21.18
16.0,23.64
11.0,14.14
13.0,20.64
19.0,33.68
24.0,28.48
17.0,34.49
194.0,82.82
46.0,33.64
30.0,26.83
47.0,60.66
34.0,35.55
61.0,20.12
88.0,83.43
100.0,40.91
99.0,151.11
854.0,709.85
143.0,533.16
517.0,364.7
502.0,474.61
702.0,474.54
527.0,557.79
1234.0,856.92
305.0,513.79
227.0,379.08
352.0,284.57
724.0,972.76
741.0,1250.15
1157.0,1190.9
1839.0,1379.39
679.0,645.97
518.0,703.5
578.0,1058.3
2066.0,1950.27
985.0,1118.48
3151.0,4200.46
425.0,509.82
677.0,292.51
1238.0,1833.01
359.0,443.35
100.0,95.56
113.0,150.24
113.0,128.87
196.0,129.54
165.0,117.17
105.0,91.4
521.0,372.17
307.0,197.3
121.0,178.49
224.0,226.05
374.0,146.86
339.0,363.91
262.0,262.79
125.0,135.64
173.0,391.73
111.0,157.28
300.0,446.16
512.0,285.52
64.0,128.79
246.0,296.37
646.0,296.41
92.0,157.88
46.0,80.13
52.0,57.43
27.0,45.11
61.0,67.88
43.0,27.93
60.0,62.09
50.0,47.52
73.0,79.04
93.0,84.74
213.0,184.9
81.0,113.58
90.0,161.58
103.0,124.73
72.0,90.7
43.0,56.58
108.0,104.43
189.0,109.46
163.0,186.99
60.0,58.5
70.0,70.1
88.0,115.9
46.0,35.45
38.0,58.38
26.0,51.92
206.0,83.93
24.0,20.54
12.0,9.19
6.0,6.87
4.0,8.04
21.0,16.98
7.0,12.12
10.0,10.14
13.0,25.77
13.0,12.47
27.0,32.01
12.0,13.98
19.0,21.84
18.0,22.98
34.0,30.72
11.0,19.88
59.0,57.76
13.0,23.94
45.0,69.74
69.0,36.61
44.0,50.13
27.0,49.85
96.0,151.92
92.0,121.45
207.0,131.42
126.0,238.8
145.0,323.79
264.0,259.45
230.0,478.39
263.0,379.01
829.0,660.14
656.0,861.52
316.0,359.18
138.0,290.37
1880.0,911.34
351.0,596.05
1758.0,1046.42
1175.0,1527.46
617.0,707.55
2679.0,1783.89
980.0,975.66
776.0,884.91
955.0,1647.53
2125.0,1705.51
676.0,1835.34
147.0,131.42
355.0,340.14
221.0,375.74
398.0,316.25
189.0,319.1
258.0,276.97
86.0,175.71
221.0,398.23
146.0,140.61
119.0,132.25
436.0,213.68
146.0,224.2
84.0,141.53
240.0,304.26
258.0,388.51
135.0,212.47
80.0,125.3
98.0,184.08
251.0,317.57
136.0,227.99
521.0,647.38
264.0,251.4
348.0,1113.95
158.0,134.61
571.0,412.04
249.0,388.61
59.0,87.98
40.0,65.93
24.0,38.46
40.0,37.18
19.0,63.46
37.0,34.47
44.0,43.08
40.0,68.26
23.0,25.71
54.0,68.95
64.0,49.66
69.0,69.29
53.0,60.42
44.0,96.61
423.0,151.29
75.0,87.93
101.0,94.43
266.0,135.6
43.0,68.87
48.0,50.81
49.0,87.38
241.0,66.22
38.0,30.94
48.0,61.2
35.0,40.61
7.0,10.39
30.0,34.52
150.0,214.26
12.0,11.1
2.0,5.73
9.0,13.7
5.0,7.87
13.0,10.95
15.0,16.92
14.0,12.98
12.0,11.05
80.0,45.95
58.0,127.68
37.0,16.745
22.0,14.58
27.0,90.82
16.0,33.14
8.0,11.04
17.0,20.51
25.0,36.21
60.0,44.37
55.0,26.63
10.0,16.84
43.0,45.36
24.0,35.09
29.0,39.75
47.0,59.95
85.0,77.46
49.0,52.49
144.0,248.85
225.0,260.19
86.0,347.26
269.0,481.97
565.0,460.7
382.0,348.12
251.0,416.86
389.0,619.22
498.0,616.4
262.0,389.57
315.0,395.18
372.0,618.78
562.0,973.49
637.0,802.27
1250.0,677.76
462.0,808.78
643.0,946.14
1278.0,1374.43
1460.0,1946.98
1849.0,1347.03
1833.0,2085.95
2456.0,2982.78
537.0,1226.28
268.0,273.1
496.0,409.22
312.0,347.24
81.0,84.29
245.0,100.21
225.0,299.2
68.0,133.82
117.0,132.45
91.0,178.0
117.0,175.48
152.0,267.67
88.0,107.49
102.0,195.09
166.0,256.08
158.0,211.39
170.0,144.76
170.0,95.87
107.0,110.13
163.0,304.47
115.0,226.51
245.0,264.04
137.0,199.15
376.0,309.79
88.0,90.11
196.0,137.3
204.0,241.07
185.0,197.96
25.0,29.64
27.0,48.16
33.0,49.26
25.0,58.77
49.0,59.87
18.0,50.38
46.0,32.48
73.0,46.32
19.0,28.62
15.0,16.89
30.0,29.28
23.0,42.64
16.0,16.915
5.0,5.14
9.0,14.79
2.0,3.71
34.0,50.24
53.0,72.66
21.0,31.56
44.0,58.07
127.0,82.87
124.0,85.3
2065.0,5995.06
2479.0,2142.61
1049.0,1812.6
1007.0,1984.32
1980.0,1579.98
738.0,1098.05
516.0,729.54
457.0,220.85
391.0,550.44
973.0,1186.45
234.0,606.2
80.0,83.63
424.0,359.05
63.0,102.17
89.0,57.87
103.0,69.33
229.0,258.84
128.0,133.63
331.0,272.63
355.0,202.92
21.0,28.36
4.0,8.97
7.0,16.7
27.0,21.83
21.0,19.07
15.0,31.62
41.0,64.58
102.0,94.19
3.0,3.44
95.0,157.08
228.0,314.95
95.0,194.45
390.0,318.64
156.0,347.36
263.0,409.69
642.0,666.38
60.0,97.43
32.0,35.65
38.0,78.7
32.0,41.96
46.0,58.66
24.0,58.61
44.0,63.92
72.0,60.85
40.0,57.19
29.0,57.88
31.0,36.14
87.0,93.0
54.0,59.91
97.0,104.26
115.0,67.98
72.0,114.84
84.0,66.66
54.0,32.87
57.0,29.66
22.0,29.025
26.0,66.23
54.0,31.04
7.0,7.06
6.0,6.34
9.0,12.38
10.0,20.68
2.0,4.21
46.0,31.57
16.0,13.45
16.0,20.03
15.0,9.89
14.0,20.43
10.0,26.57
49.0,53.37
52.0,46.88
47.0,36.82
12.0,19.57
135.0,126.06
1415.0,1206.02
96.0,212.76
352.0,298.54
913.0,703.34
322.0,326.66
457.0,309.95
246.0,393.62
269.0,439.09
440.0,489.41
563.0,569.3
658.0,508.73
1782.0,1732.93
1243.0,1075.27
664.0,882.12
947.0,937.53
1079.0,1726.76
174.0,131.09
500.0,298.21
408.0,243.64
546.0,749.75
78.0,126.85
50.0,59.38
384.0,280.06
79.0,139.98
82.0,115.02
104.0,129.43
147.0,122.75
143.0,135.42
128.0,142.63
226.0,173.35
306.0,220.14
68.0,117.28
304.0,209.06
238.0,203.78
156.0,122.96
322.0,233.6
127.0,248.28
36.0,34.92
18.0,14.27
45.0,38.43
21.0,25.43
45.0,56.73
20.0,60.05
44.0,51.14
42.0,48.27
35.0,36.38
22.0,25.33
79.0,68.02
48.0,64.09
32.0,39.5
25.0,41.06
195.0,83.09
92.0,93.46
70.0,59.55
17.0,29.99
122.0,124.11
31.0,53.14
84.0,68.91
19.0,13.28
14.0,23.095
50.0,188.08
62.0,93.5
20.0,11.07
8.0,8.31
7.0,14.19
10.0,9.11
63.0,83.88
8.0,21.55
7.0,11.11
19.0,15.19
10.0,9.61
8.0,10.42
222.0,98.33
11.0,13.73
21.0,22.5
16.0,26.54
25.0,20.2
13.0,19.91
11.0,16.49
41.0,28.42
16.0,26.0
52.0,52.9
16.0,33.43
55.0,63.6
118.0,132.7
24.0,48.24
192.0,269.13
148.0,265.02
285.0,206.02
182.0,227.36
220.0,475.81
275.0,270.83
406.0,454.39
399.0,516.59
288.0,381.95
527.0,409.53
317.0,496.77
226.0,387.19
328.0,618.21
897.0,827.16
576.0,852.69
541.0,940.95
1503.0,623.06
964.0,1663.54
1914.0,1706.35
37.0,71.62
454.0,505.42
142.0,308.51
630.0,684.56
235.0,148.0
330.0,209.27
95.0,123.23
65.0,50.11
119.0,97.45
46.0,98.92
30.0,49.48
143.0,145.39
71.0,138.96
105.0,163.46
117.0,166.52
106.0,137.06
79.0,177.05
338.0,129.09
167.0,188.52
116.0,76.93
470.0,205.18
196.0,245.0
171.0,201.89
115.0,132.65
445.0,279.13
132.0,169.51
56.0,46.63
78.0,63.33
35.0,28.53
44.0,62.24
48.0,47.54
12.0,15.93
43.0,40.46
46.0,47.61
50.0,75.86
43.0,29.74
18.0,34.27
92.0,92.07
116.0,77.38
57.0,91.58
35.0,48.61
102.0,91.72
69.0,43.16
114.0,159.15
40.0,90.6
58.0,60.81
81.0,85.49
21.0,52.29
52.0,86.61
33.0,40.16
11.0,10.28
29.0,38.57
10.0,25.89
49.0,40.99
9.0,20.39
22.0,11.97
10.0,10.29
63.0,22.6
13.0,22.51
20.0,16.88
10.0,16.63
25.0,29.28
12.0,22.29
17.0,19.73
12.0,31.17
37.0,25.47
9.0,22.74
22.0,19.74
20.0,30.08
11.0,15.28
4.0,23.51
23.0,34.79
11.0,22.17
15.0,12.29
9.0,15.93
61.0,104.08
79.0,85.82
427.0,98.12
183.0,305.75
509.0,481.83
243.0,303.12
250.0,371.95
402.0,492.88
251.0,304.44
902.0,1094.75
273.0,449.83
648.0,883.22
465.0,574.34
295.0,362.24
907.0,1124.22
652.0,861.53
382.0,391.77
1591.0,1288.06
631.0,1464.2
287.0,1299.4
560.0,1132.63
1559.0,1939.74
1159.0,2612.72
980.0,1906.9
2673.0,3481.68
716.0,641.97
202.0,306.61
2480.0,2467.48
79.0,129.46
89.0,124.79
72.0,141.38
30.0,39.01
44.0,58.35
79.0,146.57
702.0,106.38
110.0,118.27
151.0,122.75
68.0,127.54
229.0,139.73
55.0,112.08
125.0,106.59
242.0,739.36
382.0,242.03
371.0,186.84
394.0,137.13
100.0,156.79
154.0,237.84
238.0,138.72
94.0,114.46
180.0,202.7
115.0,155.27
302.0,361.84
23.0,43.72
29.0,47.96
42.0,49.08
45.0,46.26
16.0,36.83
15.0,37.74
44.0,46.21
86.0,42.96
34.0,49.41
3.0,3.72
38.0,42.74
93.0,74.82
172.0,95.46
47.0,64.11
16.0,42.61
53.0,45.72
69.0,60.52
45.0,91.78
48.0,63.29
24.0,58.31
43.0,64.8
39.0,26.3
10.0,14.65
37.0,64.62
84.0,88.7
11.0,8.325
14.0,8.1
6.0,7.1
11.0,9.15
8.0,7.22
15.0,9.48
14.0,11.63
9.0,15.27
7.0,10.33
10.0,13.73
13.0,21.91
17.0,22.19
32.0,31.86
19.0,29.4
49.0,22.28
135.0,21.39
77.0,56.42
23.0,34.5
42.0,43.19
24.0,34.664
137.0,67.98
450.0,168.83
54.0,34.96
76.0,113.48
1791.0,465.59
257.0,246.26
209.0,387.94
359.0,177.92
166.0,165.93
392.0,457.94
212.0,648.17
236.0,355.35
430.0,842.78
183.0,348.37
399.0,552.12
1055.0,1077.21
522.0,601.06
190.0,588.93
345.0,479.65
1515.0,1191.79
2473.0,2503.56
860.0,1114.75
1410.0,1591.97
2125.0,1948.53
60.0,131.25
940.0,311.32
223.0,276.68
786.0,569.71
149.0,266.17
78.0,63.37
275.0,202.06
132.0,150.46
49.0,69.96
74.0,150.2
36.0,125.27
92.0,59.99
352.0,303.28
102.0,199.49
433.0,224.2
70.0,61.65
41.0,95.3
143.0,152.16
61.0,131.39
192.0,281.38
111.0,204.11
58.0,122.05
1115.0,185.92
138.0,162.99
164.0,256.97
253.0,172.7
59.0,126.73
30.0,35.02
27.0,27.53
35.0,43.14
26.0,44.89
60.0,55.61
58.0,55.83
33.0,33.91
62.0,37.48
65.0,51.15
71.0,62.52
62.0,88.78
46.0,66.73
55.0,63.06
19.0,32.02
138.0,74.66
19.0,25.95
36.0,35.4
14.0,13.4
16.0,40.12
74.0,54.67
3.0,3.22
5.0,4.25
4.0,5.01
11.0,25.15
11.0,9.11
9.0,19.48
10.0,25.6
16.0,15.205
13.0,14.85
39.0,20.492428571428572
13.0,15.22
28.0,16.52
24.0,29.37
90.0,30.52
17.0,15.44
10.0,13.51
12.0,15.74
108.0,260.38
42.0,45.37
84.0,92.58
303.0,242.39
256.0,322.13
400.0,343.8
168.0,199.15
99.0,115.42
245.0,267.2
649.0,608.12
364.0,122.28
424.0,313.95
549.0,386.25
2105.0,849.81
308.0,365.89
1263.0,2066.41
897.0,819.63
3410.0,2573.77
67.0,58.24
498.0,668.61
240.0,556.86
189.0,375.63
381.0,194.63
148.0,151.46
53.0,64.95
147.0,130.24
182.0,140.05
122.0,124.34
124.0,108.69
92.0,163.81
166.0,125.4
248.0,100.28
57.0,65.22
70.0,72.93
49.0,52.64
448.0,315.95
143.0,142.74
273.0,207.38
182.0,188.55
93.0,127.63
158.0,135.64
33.0,41.5
39.0,42.41
59.0,48.04
99.0,88.67
42.0,42.09
27.0,50.39
43.0,64.5
32.0,66.38
15.0,19.33
28.0,36.81
9.0,15.37
45.0,61.43
25.0,32.3
9.0,23.9
41.0,30.65
11.0,26.325
21.0,28.3
74.0,67.04
22.0,37.79
74.0,98.48
42.0,49.27
31.0,147.11
44.0,59.33
1655.0,911.53
173.0,208.23
200.0,190.55
386.0,353.99
197.0,153.3
105.0,118.69
379.0,260.63
255.0,299.15
134.0,128.67
61.0,138.97
84.0,135.18
133.0,129.93
226.0,187.11
74.0,135.19
205.0,143.57
59.0,117.17
93.0,140.25
83.0,101.65
11.0,23.08
134.0,206.48
2188.0,2172.67
418.0,684.1
1228.0,1359.0
328.0,424.75
4.0,7.06
109.0,123.07
89.0,120.8
52.0,118.33
34.0,49.59
82.0,117.31
75.0,120.05
556.0,113.1
46.0,75.08
88.0,99.83
78.0,56.19
58.0,70.84
39.0,80.57
7.0,8.26
75.0,67.12
35.0,50.93
17.0,31.82
50.0,48.56
17.0,42.27
29.0,26.48
17.0,21.39
20.0,17.83
19.0,8.46
33.0,34.06
16.0,26.0
102.0,80.2
45.0,70.67
95.0,97.44
96.0,63.97
99.0,164.37
81.0,193.06
3696.0,2538.94
1890.0,1324.81
1193.0,1381.56
677.0,652.16
747.0,868.36
1022.0,920.28
522.0,919.77
214.0,383.22
354.0,684.13
433.0,577.44
339.0,451.53
245.0,389.33
2070.0,1344.64
321.0,430.76
233.0,396.35
162.0,220.57
64.0,117.3
215.0,261.93
245.0,309.99
201.0,233.06
194.0,316.12
82.0,91.25
340.0,330.12
374.0,275.33
238.0,293.67
257.0,229.06
128.0,110.05
48.0,57.92
77.0,112.1
56.0,64.19
34.0,39.61
58.0,71.74
94.0,44.33
53.0,37.48
32.0,83.76
32.0,74.14
34.0,54.35
84.0,58.05
51.0,189.88
116.0,97.87
76.0,69.31
50.0,45.32
43.0,76.93
114.0,126.85
109.0,75.94
76.0,68.51
40.0,64.83
31.0,45.82
47.0,57.81
46.0,40.19
59.0,82.93
5.0,8.96
7.0,8.71
55.0,144.81
11.0,8.25
10.0,7.03
46.0,29.29
16.0,13.2
6.0,12.21
128.0,135.0
19.0,13.22
61.0,20.18
19.0,25.5
28.0,39.43
28.0,32.3
27.0,34.47
13.0,42.01
88.0,34.35
22.0,31.87
24.0,29.99
21.0,42.32
38.0,37.71
275.0,127.54
180.0,153.41
56.0,68.02
145.0,176.57
148.0,303.08
187.0,326.85
224.0,339.28
1200.0,397.18
216.0,421.08
273.0,394.02
286.0,398.22
229.0,195.08
593.0,308.16
954.0,493.58
1090.0,682.2
1004.0,1007.15
632.0,838.4
531.0,583.95
1337.0,1734.23
386.0,507.87
760.0,572.89
1052.0,1258.64
1188.0,1182.92
1725.0,2129.2
73.0,196.24
243.0,274.59
281.0,120.86
460.0,496.37
99.0,93.59
56.0,48.93
277.0,216.57
30.0,59.69
86.0,113.88
68.0,99.6
84.0,101.05
178.0,133.76
175.0,107.55
230.0,147.74
56.0,68.48
65.0,113.54
90.0,115.25
147.0,198.55
69.0,136.19
147.0,203.23
141.0,176.16
178.0,221.68
138.0,138.34
182.0,220.6
62.0,112.72
129.0,110.88
60.0,175.76
33.0,51.52
27.0,41.22
46.0,45.48
18.0,37.99
12.0,16.8
49.0,35.93
98.0,292.81
15.0,30.74
93.0,48.57
34.0,35.87
41.0,52.88
37.0,47.24
44.0,58.2
28.0,26.78
31.0,38.86
16.0,37.24
48.0,54.64
52.0,40.95
47.0,56.74
29.0,61.44
27.0,42.36
55.0,46.03
45.0,44.01
88.0,31.21
100.0,72.82
44.0,59.61
13.0,13.98
14.0,10.13
35.0,71.15
47.0,64.24
1.0,4.94
3.0,2.24
2.0,3.0775
10.0,26.1
11.0,13.33
8.0,10.37
13.0,12.68
16.0,23.73
18.0,23.18
15.0,18.19
10.0,20.08
15.0,25.15
42.0,13.16
13.0,16.38
6.0,18.38
16.0,27.11
15.0,18.34
11.0,25.67
21.0,26.62
16.0,26.79
16.0,22.28
33.0,22.34
22.0,33.53
55.0,33.8
37.0,44.11
62.0,82.98
121.0,72.77
527.0,709.77
284.0,385.17
89.0,271.29
154.0,143.89
896.0,456.18
261.0,323.12
215.0,332.56
400.0,483.92
445.0,431.91
419.0,567.0
645.0,624.26
253.0,354.39
873.0,701.49
440.0,739.97
413.0,493.87
1268.0,1140.51
231.0,420.02
223.0,656.04
1380.0,1180.46
1106.0,693.07
3445.0,1377.88
576.0,1072.84
1400.0,714.39
1587.0,1936.66
1768.0,1795.3
58.0,74.65
126.0,285.17
81.0,137.94
127.0,212.58
144.0,253.16
89.0,100.65
28.0,51.9
128.0,102.15
29.0,69.24
34.0,47.23
318.0,296.14
150.0,122.86
56.0,43.99
141.0,228.68
48.0,38.94
101.0,86.22
90.0,104.13
105.0,154.58
42.0,48.1
148.0,173.93
120.0,283.8
145.0,213.5
148.0,291.23
171.0,264.24
494.0,298.7
195.0,220.72
302.0,215.42
189.0,185.52
146.0,161.93
88.0,209.87
205.0,134.83
128.0,155.82
31.0,33.85
22.0,43.27
23.0,38.38
66.0,32.66
50.0,43.13
96.0,60.25
49.0,47.41
20.0,40.44
138.0,71.12
69.0,55.14
10.0,16.62
60.0,48.85
38.0,47.63
46.0,46.09
47.0,52.58
28.0,41.93
25.0,39.23
18.0,27.92
30.0,42.92
8.0,14.1
118.0,132.7
52.0,32.67
35.0,53.16
6.0,6.31
20.0,12.93
14.0,20.29
13.0,11.98
21.0,14.15
19.0,20.93
19.0,29.75
16.0,59.49
14.0,20.6
18.0,15.34
12.0,15.77
3.0,9.11
13.0,12.83
15.0,27.69
53.0,31.45
20.0,28.41
67.0,33.69
11.0,20.18
25.0,27.01
42.0,48.49
255.0,653.73
85.0,75.85
242.0,353.81
284.0,439.92
600.0,413.76
217.0,406.3
311.0,327.52
427.0,549.51
195.0,424.38
167.0,85.63
348.0,494.58
501.0,1006.55
554.0,679.9
1163.0,916.02
557.0,1118.62
1670.0,805.62
584.0,837.93
1117.0,808.68
1145.0,1054.08
779.0,817.94
914.0,1349.42
1462.0,647.8
334.0,489.6
230.0,404.22
438.0,526.29
39.0,175.66
82.0,73.77
77.0,72.13
93.0,84.52
49.0,148.23
22.0,49.05
54.0,135.39
88.0,129.9
185.0,157.75
241.0,257.99
53.0,153.56
456.0,441.01
325.0,1304.76
446.0,393.4
284.0,336.02
220.0,363.79
417.0,359.82
31.0,50.58
29.0,27.46
53.0,34.034
64.0,69.41
23.0,51.73
14.0,40.79
45.0,61.09
74.0,101.95
61.0,67.64
159.0,79.75
409.0,105.69
79.0,82.62
40.0,86.44
59.0,53.7
62.0,109.49
44.0,59.61
84.0,60.69
10.0,16.96
79.0,50.33
40.0,33.52
60.0,65.93
25.0,27.41
3.0,3.19
2.0,1.93
3.0,4.41
7.0,19.91
4.0,12.97
5.0,31.271428571428572
7.0,17.59
42.0,26.59
24.0,25.78
7.0,12.04
10.0,12.71
21.0,21.89
14.0,15.17
10.0,11.66
27.0,27.92
18.0,27.5
23.0,53.19
37.0,41.78
15.0,20.46
65.0,98.33
1.0,8.43
80.0,82.82
237.0,277.3
180.0,313.36
116.0,240.29
647.0,528.4
171.0,127.14
311.0,266.12
106.0,291.17
156.0,241.53
345.0,202.31
722.0,478.78
309.0,231.79
648.0,706.86
245.0,339.0
736.0,513.25
662.0,1170.38
329.0,126.21
520.0,337.24
866.0,1069.72
149.0,314.22
185.0,250.73
199.0,222.02
130.0,156.0
150.0,105.43
111.0,195.07
118.0,121.73
101.0,104.29
59.0,80.75
29.0,81.37
114.0,137.39
78.0,70.07
94.0,123.65
88.0,119.28
48.0,69.93
125.0,190.04
129.0,227.86
179.0,113.21
117.0,212.44
214.0,133.75
147.0,171.75
143.0,133.63
103.0,228.14
21.0,41.76
32.0,43.48
58.0,64.71
77.0,64.44
46.0,49.57
49.0,54.73
17.0,49.12
95.0,87.18
42.0,39.15
90.0,49.28
16.0,30.82
3.0,4.2275
17.0,20.59
24.0,15.895
12.0,26.54
15.0,19.48
16.0,18.91
8.0,11.88
27.0,22.765
3.0,4.2275
4.0,11.81
123.0,72.78
41.0,45.29
20.0,40.69
59.0,87.28
107.0,88.07
4864.0,3415.26
3243.0,2625.43
1622.0,929.88
411.0,876.69
1070.0,879.55
1003.0,1149.18
525.0,604.69
311.0,508.35
174.0,390.97
445.0,419.41
107.0,180.17
323.0,336.69
241.0,217.84
36.0,64.82
129.0,96.26
66.0,115.64
88.0,133.86
77.0,77.12
96.0,149.47
193.0,236.15
178.0,166.36
125.0,161.63
206.0,177.96
65.0,89.33
31.0,136.24
9.0,12.37
98.0,56.93
13.0,11.6
30.0,34.31
288.0,306.83
107.0,58.24
201.0,187.11
494.0,479.83
39.0,47.28
39.0,57.47
21.0,38.38
26.0,58.22
28.0,29.6
25.0,60.61
41.0,67.94
54.0,68.34
32.0,47.77
71.0,66.29
65.0,78.02
34.0,57.08
45.0,136.7
44.0,101.56
56.0,80.95
77.0,83.29
122.0,134.19
55.0,39.08
52.0,85.12
53.0,50.18
13.0,12.81
49.0,20.97
57.0,73.3
2.0,6.31
49.0,16.23
12.0,18.12
23.0,29.4
19.0,21.25666666666667
53.0,50.1
16.0,21.92
26.0,46.15
42.0,96.33
22.0,23.81
32.0,29.04
37.0,21.69
19.0,31.42
30.0,57.52
17.0,40.04
26.0,29.98
16.0,32.37
59.0,38.66
112.0,174.3
592.0,1287.78
151.0,154.25
266.0,406.44
482.0,339.59
611.0,705.41
975.0,1172.92
414.0,1044.95
307.0,537.61
527.0,839.68
309.0,596.09
764.0,822.51
1473.0,1278.76
458.0,709.37
667.0,752.27
1200.0,871.3
178.0,262.14
1272.0,1844.15
498.0,1587.71
2044.0,2140.56
179.0,560.16
362.0,362.68
2534.0,1893.73
393.0,351.35
249.0,307.02
179.0,187.26
228.0,132.88
168.0,176.62
59.0,116.64
155.0,129.15
41.0,127.59
174.0,176.85
74.0,254.0
366.0,251.74
49.0,147.92
115.0,204.7
255.0,277.71
95.0,122.05
160.0,336.61
314.0,478.65
111.0,264.37
256.0,358.56
38.0,42.84
19.0,32.67
11.0,29.5
74.0,48.12
53.0,68.21
68.0,64.91
3.0,2.6
62.0,64.35
106.0,89.15
30.0,41.95
50.0,60.14
25.0,48.21
54.0,97.24
50.0,48.58
39.0,70.34
22.0,22.77
32.0,33.16
54.0,73.13
2.0,3.78
4.0,6.97
8.0,11.19
10.0,16.07
36.0,12.37
32.0,30.55
12.0,16.36
10.0,18.43
23.0,34.92
23.0,25.3
20.0,46.88
36.0,158.8
49.0,32.18
19.0,17.79
113.0,76.83
83.0,66.32
63.0,51.68
78.0,128.4
278.0,338.33
465.0,458.02
418.0,424.5
322.0,379.47
493.0,284.19
90.0,95.84
388.0,512.1
229.0,512.47
831.0,758.86
1058.0,1028.4
630.0,1093.26
1920.0,2029.93
105.0,90.71
353.0,423.14
173.0,154.91
214.0,413.16
261.0,310.12
197.0,301.24
81.0,110.92
110.0,124.01
129.0,159.13
91.0,74.97
123.0,145.91
164.0,187.48
95.0,109.05
158.0,144.51
197.0,180.79
122.0,198.24
139.0,102.2
148.0,291.56
49.0,100.96
124.0,171.99
37.0,35.11
82.0,136.7
24.0,38.0
22.0,31.25
26.0,35.46
33.0,39.66
47.0,34.3
30.0,56.07
52.0,71.57
19.0,39.47
31.0,38.06
44.0,27.79
33.0,49.588
63.0,61.08
150.0,124.85
38.0,29.22
35.0,39.14
28.0,36.76
9.0,8.2075
16.0,25.44
54.0,26.31
65.0,70.7
6.0,6.964166666666667
10.0,17.75
17.0,22.5
11.0,27.56
3.0,8.7
30.0,35.67
13.0,20.13
48.0,25.39
28.0,23.62
7.0,15.41
14.0,13.26
13.0,15.98
20.0,28.69
84.0,22.62
12.0,13.66
40.0,110.12
16.0,35.91
40.0,48.11
219.0,168.75
133.0,167.47
140.0,209.57
364.0,301.07
480.0,381.78
184.0,361.07
278.0,1194.64
1279.0,927.73
638.0,597.06
1058.0,1165.4
1814.0,1507.98
576.0,702.28
276.0,627.26
1698.0,2505.82
1806.0,1971.14
347.0,315.83
153.0,316.18
1213.0,1598.61
68.0,94.88
131.0,160.56
50.0,65.52
101.0,74.43
52.0,51.34
48.0,68.27
80.0,85.76
75.0,66.79
33.0,50.12
57.0,55.23
97.0,186.18
99.0,145.03
159.0,227.87
720.0,254.57
190.0,370.82
144.0,259.15
102.0,92.53
220.0,303.51
61.0,51.58
14.0,36.5
41.0,37.5
66.0,37.42
124.0,50.36
35.0,38.29
61.0,145.03
47.0,51.95
55.0,46.19
27.0,42.59
53.0,69.41
28.0,44.0
72.0,87.14
14.0,13.97
72.0,74.68
33.0,30.34
15.0,13.96
20.0,21.01
32.0,46.96
1.0,1.83
12.0,4.509166666666666
12.0,7.52
12.0,6.800166666666667
3.0,4.21
28.0,53.84
7.0,6.62
14.0,8.08
20.0,11.54
25.0,14.54
13.0,18.98
21.0,34.43
14.0,23.56
8.0,9.01
43.0,60.0
666.0,596.74
19.0,40.87
118.0,157.88
153.0,208.81
355.0,411.36
251.0,256.62
533.0,513.08
368.0,734.86
505.0,345.94
544.0,669.24
481.0,833.64
1657.0,1053.53
460.0,681.43
1693.0,1399.82
3473.0,2922.31
101.0,72.9
632.0,475.0
168.0,153.22
342.0,362.72
91.0,216.07
151.0,54.49
266.0,327.99
236.0,106.1
142.0,131.99
151.0,148.82
67.0,85.92
155.0,241.06
70.0,117.81
56.0,75.57
167.0,213.32
185.0,116.38
273.0,231.83
199.0,217.27
131.0,145.5
161.0,142.85
24.0,49.17
45.0,37.93
130.0,52.0
77.0,56.47
39.0,50.67
382.0,59.7
32.0,27.53
123.0,53.39
16.0,24.15
54.0,41.01
26.0,41.34
84.0,55.76
48.0,37.9
70.0,81.67
83.0,57.2
59.0,98.02
224.0,83.02
109.0,79.37
91.0,72.34
37.0,57.2
3.0,5.23
66.0,62.83
57.0,74.36
64.0,54.44
16.0,15.11
39.0,59.3
57.0,80.94
8.0,11.53
15.0,19.93
5.0,10.38
7.0,12.22
6.0,9.22
11.0,11.4
29.0,123.02
19.0,11.02
13.0,15.74
26.0,27.66
52.0,94.62
15.0,14.99
32.0,53.92
19.0,16.2
19.0,14.7
73.0,59.68
17.0,21.53
20.0,35.99
27.0,27.39
13.0,46.87
20.0,33.68
7.0,17.81
47.0,62.01
50.0,51.09
75.0,110.46
76.0,92.16
139.0,127.56
168.0,200.26
328.0,384.11
158.0,176.09
159.0,350.33
77.0,149.0
724.0,571.73
119.0,207.38
508.0,429.35
172.0,225.07
659.0,495.18
940.0,834.87
1142.0,956.93
457.0,731.99
1600.0,804.65
965.0,946.32
1705.0,2538.72
4627.0,2091.19
1285.0,1441.81
1954.0,2192.3
164.0,170.43
758.0,597.7
268.0,178.06
770.0,131.41
44.0,119.57
109.0,108.09
44.0,85.12
37.0,58.86
68.0,95.01
134.0,151.62
120.0,242.02
122.0,112.9
80.0,84.88
117.0,178.34
48.0,72.9
100.0,135.85
90.0,141.44
88.0,142.16
117.0,152.7
145.0,236.62
315.0,249.68
212.0,150.66
120.0,155.56
332.0,202.01
174.0,233.49
206.0,201.81
118.0,119.65
212.0,189.02
25.0,38.65
17.0,40.23
78.0,52.8
37.0,25.27
21.0,36.92
41.0,33.64
4.0,9.37
47.0,38.17
50.0,21.33
13.0,15.46
15.0,5.66
71.0,58.09
15.0,20.17
107.0,273.85
378.0,339.85
53.0,91.64
2509.0,2798.27
1666.0,918.4
1189.0,2344.11
60.0,76.82
281.0,478.31
311.0,375.47
204.0,228.37
84.0,122.98
49.0,58.48
62.0,103.22
102.0,293.52
132.0,144.4
182.0,248.34
6.0,4.97
7.0,4.1175
18.0,26.65
280.0,200.08
34.0,62.47
50.0,63.82
45.0,38.82
70.0,129.49
127.0,169.48
124.0,100.13
40.0,47.28
18.0,28.38
56.0,58.67
47.0,60.41
58.0,42.91
9.0,17.72
2.0,3.5925
24.0,45.06
12.0,11.32
136.0,30.1
6.0,9.4
19.0,23.821428571428573
26.0,11.94
34.0,14.53
7.0,12.27
37.0,106.12
59.0,106.84
16.0,32.53
70.0,55.65
919.0,813.66
375.0,192.19
163.0,162.79
1270.0,1205.95
1000.0,1509.89
533.0,597.34
261.0,689.28
1121.0,1033.25
282.0,461.07
661.0,431.12
243.0,278.99
104.0,141.88
229.0,238.38
320.0,517.25
112.0,133.19
350.0,1170.84
166.0,171.7
318.0,195.27
259.0,114.7
203.0,168.79
71.0,129.65
76.0,107.13
279.0,246.01
59.0,99.01
34.0,39.43
76.0,66.57
54.0,50.79
47.0,50.85
51.0,39.96
54.0,32.96
92.0,71.21
33.0,45.49
102.0,70.71
116.0,100.35
35.0,59.92
50.0,65.91
80.0,65.42
34.0,33.38
48.0,67.58
72.0,71.71
57.0,111.12
67.0,109.92
16.0,32.87
185.0,81.7
26.0,66.71
46.0,40.46
23.0,29.32
26.0,39.59
60.0,91.1
7.0,37.51
2.0,4.56
4.0,13.62
6.0,4.54
2.0,5.54
58.0,14.1
29.0,11.6
25.0,8.76
8.0,8.5
37.0,37.36
27.0,9.99
9.0,13.55
29.0,35.04
21.0,27.93
27.0,28.96
30.0,22.81
26.0,37.56
31.0,30.34
18.0,33.71
18.0,19.36
29.0,29.35
30.0,18.521
49.0,77.28
18.0,20.68
130.0,121.75
111.0,208.17
555.0,591.95
846.0,688.31
429.0,281.08
220.0,178.78
608.0,754.7
438.0,535.89
412.0,561.99
381.0,943.01
566.0,938.77
695.0,631.64
86.0,94.5
839.0,1071.8
2380.0,1372.43
1109.0,1268.75
1758.0,1224.14
475.0,1016.93
1273.0,1549.84
630.0,1038.26
1587.0,1852.88
3864.0,2516.26
363.0,376.23
318.0,432.92
291.0,583.17
506.0,318.77
183.0,393.33
54.0,65.62
142.0,125.17
87.0,111.77
200.0,100.32
68.0,113.36
178.0,236.47
221.0,147.89
132.0,139.18
85.0,94.24
273.0,101.76
98.0,172.55
301.0,253.43
193.0,98.34
183.0,271.9
379.0,333.0
479.0,412.75
84.0,174.49
211.0,299.13
935.0,473.1
163.0,305.04
342.0,354.69
155.0,176.51
34.0,39.01
46.0,41.92
60.0,51.26
44.0,73.05
21.0,23.77
10.0,17.28
13.0,37.73
62.0,57.24
13.0,19.83
14.0,15.93
28.0,29.24
50.0,47.67
76.0,51.61
29.0,51.36
27.0,32.74
49.0,67.57
45.0,41.69
37.0,46.0
16.0,19.39
65.0,75.5
74.0,63.98
5.0,4.564166666666666
7.0,8.54
9.0,9.46
9.0,10.11
8.0,9.92
176.0,16.35
74.0,46.14
14.0,11.53
45.0,18.79
19.0,14.43
36.0,31.8
49.0,22.06
12.0,35.96
20.0,19.72
13.0,30.89
8.0,16.0
29.0,372.32
68.0,68.6
52.0,53.25
218.0,331.71
79.0,243.35
461.0,461.02
368.0,270.38
149.0,146.04
152.0,129.89
252.0,269.34
620.0,277.6
495.0,535.74
1314.0,1198.62
2386.0,2083.61
1573.0,1960.93
2576.0,2326.08
2553.0,1797.86
2550.0,2116.39
56.0,86.92
380.0,548.98
197.0,247.03
191.0,307.08
263.0,243.66
114.0,213.36
31.0,43.12
45.0,57.9
71.0,155.91
121.0,134.23
221.0,333.02
182.0,111.18
382.0,287.39
57.0,62.89
79.0,89.37
220.0,191.52
171.0,219.04
120.0,268.53
183.0,111.47
110.0,97.55
73.0,198.84
101.0,65.15
78.0,45.88
73.0,67.39
38.0,48.53
24.0,49.07
50.0,49.42
19.0,63.03
22.0,36.07
54.0,82.05
50.0,40.72
47.0,46.06
40.0,64.27666666666667
109.0,91.09
115.0,64.15
184.0,133.32
48.0,43.07
36.0,83.74
15.0,22.85
265.0,193.12
82.0,49.75
92.0,76.1
9.0,15.2
14.0,14.54
21.0,18.28
10.0,15.45
18.0,16.49
13.0,18.48
38.0,23.9
88.0,92.06
19.0,22.61
21.0,25.54
18.0,22.05
39.0,31.81
33.0,29.2
11.0,13.66
12.0,30.97
51.0,36.44
53.0,56.57
79.0,105.48
1004.0,1229.87
62.0,72.91
586.0,616.38
147.0,210.77
311.0,461.75
1201.0,977.5
527.0,644.41
842.0,881.41
199.0,454.84
480.0,382.84
773.0,1244.43
962.0,988.25
1649.0,1170.87
313.0,1164.53
379.0,546.83
1763.0,1763.34
2880.0,2021.86
73.0,108.7
848.0,376.0
170.0,148.75
1136.0,930.61
409.0,338.2
114.0,80.77
264.0,123.35
80.0,78.5
98.0,89.08
285.0,229.36
42.0,98.41
230.0,220.8
67.0,241.64
126.0,90.76
205.0,208.37
294.0,293.57
223.0,438.03
233.0,289.4
272.0,289.46
209.0,275.92
444.0,563.45
90.0,122.07
624.0,355.65
49.0,43.79
42.0,49.54
41.0,47.37
36.0,36.27
39.0,77.44
53.0,61.2
99.0,52.66
40.0,50.55
20.0,40.16
35.0,40.36
96.0,46.73
82.0,93.32
83.0,85.81
159.0,78.54
40.0,54.27
159.0,91.19
33.0,49.05
45.0,89.27
96.0,56.29
34.0,95.06
190.0,132.48
93.0,102.87
98.0,84.1
34.0,51.61
31.0,48.99
32.0,32.29
4.0,9.53
13.0,18.89
113.0,121.82
5.0,6.5
3.0,2.65
9.0,10.55
2.0,3.26
4.0,5.0075
5.0,6.145000000000001
11.0,8.87
5.0,6.8
4.0,14.92
29.0,18.13
13.0,16.99
13.0,7.64
7.0,11.18
32.0,116.84
20.0,15.33
21.0,23.78
12.0,18.31
3.0,9.32
18.0,18.52
21.0,24.22
12.0,14.3
18.0,13.92
18.0,21.065
2.0,4.35
24.0,56.42
202.0,112.49
244.0,492.38
106.0,110.56
350.0,539.87
513.0,453.93
320.0,306.86
910.0,526.42
251.0,446.88
277.0,285.22
143.0,190.89
304.0,375.79
229.0,337.99
910.0,441.24
990.0,657.0
276.0,674.32
386.0,592.38
262.0,364.93
460.0,587.71
941.0,716.26
663.0,1023.76
1821.0,1392.78
1272.0,1422.73
1063.0,1851.77
629.0,957.99
932.0,1194.8
1954.0,2119.41
159.0,127.72
322.0,427.87
396.0,221.78
733.0,436.95
233.0,351.51
429.0,449.77
90.0,111.39
302.0,157.78
49.0,59.22
944.0,234.26
129.0,133.73
71.0,123.64
134.0,230.63
120.0,88.52
99.0,160.1
81.0,79.33
269.0,218.54
154.0,97.02
143.0,122.77
273.0,208.56
76.0,184.43
151.0,175.0
125.0,112.69
192.0,283.76
133.0,137.18
1249.0,374.99
120.0,278.03
343.0,213.32
271.0,261.43
179.0,176.41
26.0,48.69
41.0,43.88
24.0,34.81
87.0,118.17
44.0,60.44
45.0,68.28
90.0,86.25
100.0,94.0
207.0,107.06
29.0,34.41
94.0,62.4
25.0,46.59
17.0,22.7
47.0,31.99
12.0,28.6
12.0,21.49
16.0,17.04
13.0,20.69
11.0,15.49
16.0,11.07
15.0,19.17
19.0,27.12
3.0,2.9
54.0,124.53
22.0,34.68
55.0,84.13
53.0,55.26
67.0,82.78
829.0,1090.62
751.0,836.38
653.0,822.43
842.0,1579.72
1010.0,1588.39
534.0,800.2
1582.0,528.56
204.0,668.91
985.0,520.09
929.0,406.56
121.0,230.47
180.0,177.64
175.0,179.83
533.0,361.64
193.0,104.45
185.0,208.85
228.0,244.06
474.0,379.63
248.0,248.86
180.0,234.0
160.0,201.96
200.0,212.03
342.0,197.01
177.0,189.06
269.0,238.36
190.0,109.28
41.0,66.13
32.0,47.48
9.0,13.5
23.0,28.25
13.0,48.98
109.0,76.09
124.0,193.24
116.0,209.9
164.0,102.05
135.0,140.26
202.0,178.03
441.0,264.78
237.0,278.48
33.0,61.04
18.0,49.66
36.0,42.1
12.0,24.87
31.0,49.44
10.0,24.58
75.0,65.95
35.0,81.49
45.0,40.9
39.0,30.88
54.0,55.04
53.0,64.46
104.0,106.39
293.0,64.13
26.0,31.99
56.0,61.17
95.0,83.06
88.0,82.37
2.0,8.6
601.0,375.84
112.0,105.89
100.0,86.0
148.0,98.15
65.0,98.76
91.0,79.97
61.0,59.67
172.0,260.09
22.0,20.25
8.0,17.9
64.0,117.79
1.0,3.5275
2.0,3.91
3.0,7.05
4.0,6.61
7.0,14.69
20.0,8.4
8.0,11.29
11.0,12.08
13.0,14.64
17.0,26.26
14.0,19.26
33.0,41.81
14.0,18.58
248.0,29.51
21.0,26.77
14.0,26.63
24.0,19.42
79.0,167.88
14.0,27.74
21.0,26.37
19.0,33.43
20.0,27.57
26.0,33.57
15.0,126.25
15.0,27.3
27.0,25.1
72.0,77.78
100.0,46.53
78.0,139.06
441.0,345.05
585.0,491.72
355.0,438.19
474.0,469.61
247.0,159.03
526.0,563.77
607.0,482.02
341.0,409.65
325.0,303.93
430.0,539.55
919.0,537.37
524.0,491.68
114.0,117.35
1054.0,557.61
373.0,689.82
329.0,422.37
401.0,547.21
687.0,618.96
487.0,518.57
973.0,486.14
516.0,545.53
726.0,830.94
1104.0,1171.36
1535.0,1001.11
1461.0,2482.15
294.0,210.91
1613.0,1293.86
169.0,181.91
210.0,1320.7
189.0,323.37
381.0,342.64
188.0,105.24
31.0,64.07
52.0,129.36
74.0,82.77
177.0,126.69
148.0,155.09
74.0,104.72
72.0,92.35
122.0,159.3
108.0,77.45
118.0,185.49
57.0,75.35
91.0,136.44
98.0,66.47
113.0,216.19
198.0,169.34
215.0,205.05
114.0,136.08
40.0,95.44
118.0,306.24
245.0,187.02
197.0,183.15
173.0,171.7
112.0,204.5
161.0,165.62
131.0,325.05
20.0,33.81
78.0,55.98
17.0,29.94
18.0,34.67
394.0,117.42
259.0,209.73
11.0,39.53
30.0,40.87
68.0,70.58
45.0,64.49
45.0,58.04
71.0,67.34
68.0,56.75
161.0,55.82
113.0,54.26
45.0,32.84
13.0,28.33
44.0,47.37
20.0,29.01
9.0,17.92
39.0,88.94
13.0,12.35
4.0,4.34
5.0,5.83
6.0,18.41
10.0,10.05
18.0,12.15
19.0,10.52
59.0,55.54
22.0,37.55
17.0,28.745
38.0,40.28
81.0,50.63
26.0,37.33
53.0,33.7
35.0,22.38
166.0,20.23
28.0,32.47
148.0,87.04
28.0,43.25
49.0,91.93
334.0,483.15
301.0,325.4
588.0,457.24
327.0,918.38
484.0,645.99
371.0,473.69
152.0,355.96
255.0,357.84
272.0,464.71
292.0,428.25
457.0,876.06
434.0,796.74
1831.0,1832.26
1094.0,1148.66
1913.0,1826.6
85.0,129.98
387.0,550.3
118.0,140.58
1208.0,1043.39
302.0,324.69
248.0,122.3
158.0,134.65
168.0,141.05
207.0,88.84
174.0,172.51
68.0,128.6
289.0,161.88
129.0,169.37
101.0,239.22
216.0,224.01
217.0,246.76
232.0,264.41
210.0,163.28
116.0,128.08
166.0,330.97
245.0,215.13
155.0,186.05
136.0,133.26
72.0,46.48
67.0,80.03
365.0,285.73
23.0,65.72
30.0,35.02
72.0,92.98
40.0,59.34
136.0,134.02
23.0,54.59
59.0,48.48
23.0,30.93
53.0,94.21
21.0,37.2
35.0,42.06
21.0,30.28
62.0,90.82
39.0,67.06
15.0,90.47
22.0,25.8
32.0,28.64
50.0,47.72
28.0,38.79
79.0,31.815
17.0,22.07
14.0,9.97
4.0,8.08
26.0,29.11
75.0,101.46
33.0,25.81
138.0,110.95
685.0,614.85
91.0,307.25
7.0,4.72
1264.0,1530.0
1091.0,1074.7
866.0,1121.96
1049.0,718.6
867.0,691.97
293.0,334.94
557.0,410.49
334.0,448.7
530.0,338.32
258.0,351.21
120.0,178.75
323.0,499.68
209.0,107.79
289.0,182.55
300.0,286.53
108.0,224.35
277.0,318.99
245.0,316.71
172.0,240.15
261.0,215.51
174.0,176.83
294.0,257.66
155.0,175.89
378.0,214.19
127.0,161.81
135.0,111.39
44.0,52.01
78.0,217.01
3.0,6.22
